wallet,neighbor_count,scam_neighbor_count,cluster_size,distance_to_scam
6LfawjK4CQE7pHApWYA6s6PCH5jfgrcRcV6xE6vtiyjY,50,0,51,-1
5yBxQTYgtYYbGc9iA3Yo2APWu1UeQS2qK9GJrfJFFM8pWyUV1N23n7YWY4u97zUeNYNQpy8GAmdP16hk7UawGj8,1,0,51,-1
5aYnTBiH94c2dujVavjokBLs3GffnxaNcXd5RZustmDFVVCN8xAdxhuB2kZyeLk1U6FsaJjXjQ6f4BtzWbJCdooo,1,0,51,-1
BER53WGgYU877xeW9ZoJwrChxjhu6h7RN62DMsY829bVSphk9TiTL7EiqejEnqeCF45KWZpYojESUbsQak4YMt5,1,0,51,-1
3Ujpqn3KsuijjU3KCQ1dn1TwZk8i9KFyqm3gtvjT2rpkqu5eTYzWhHHLCdzxvV8RKH42hGLTcNb7en1z9b8TA2qb,1,0,51,-1
2jHgPQqrJndQaUHjqS1Ye6gABFREGxgzipAvPsXNi8xEMbi2TTSQ3PvJaZgXWXdvDxL6W5GgM77VrsZNxeextZvx,1,0,51,-1
3PH1ywuXa8e6CUxrfRtq4bK2rjHZ9DzUuF6jqsFtF3thZr74UmssDM3qkxVfJYmwCw1vmrt9MuCuMgCgsuJzV31x,1,0,51,-1
2PmQBgD7dAikDGiscG6KMD5jupHmquNFxL85Ars8gfYKufcBnGYB99AaPh2AkkjGv7srjiRrkpUyvcoyE1bSk47z,1,0,51,-1
NKHV8rGUTj7RCJfYRuo786Dr2FmKYUGRopjfcuFJjPNCpQtG2aTxRNiMfDZfNqVMAeA2ntaBz8e2dJy3sZECJ3g,1,0,51,-1
5tJvtG9PhAkaeNMBcq5VtkTASTjrMSqDLm8kumne91yDRsbxon68af8QX1edxUj7QZhAG1ewgm7RLecBqnj6EwVz,1,0,51,-1
4cLwUCcg2YPXVcmG26om9nhh1tsgh7cdfKXH5vKkZSP4JgcaR2og1MFT3j6TtsAMA3Q39tXUg77kA1DqN3G9gwwx,1,0,51,-1
XYikRjSKtw7LCf5hXrVmeNv4X9f1ctaHbzaxh6qowj6DiKM3uxBxB9LhW4zSfb4CH1dLJConAN8zXz7HissH2yK,1,0,51,-1
3X1T34suDwhzdKTL1FSDV6E44MT44KzgVmp5eLW4P5itbwd1vniVsS2X9nELFpmfFDgcbqCdxNSDuSaMuX7xs3ht,1,0,51,-1
5QdJo7nageSv4hVS8GR2EUmTeBnNPar6VXy8ZQhgy3eciEjcJVHLEJ2JUpcsGktkumWfXM6bpL7FEGvnUAshz3ZT,1,0,51,-1
PJXrgkAsbpn9hbhSqTATccSwJAULD11ynTgwY6soCXYsfsXmuJCXti1uYTkBGrN73Nbk4FuyFYbw8VRf6H4Diui,1,0,51,-1
4LtgJ2e8FEhM8ZhWY7HfPuwERopyHhAyySY9yukhuxcjBSVFPbYZfFviAMayvvgizYzHzqATDyZCiZt9s9bDPL4z,1,0,51,-1
SMxX1euBMjqx6tRvbBe9FNtZ71MjrsmvokXFwrS1vEVF9S2gN2NXcHPMHzVwHrTR8HZm6Nw2YJrPNTEzQWcf7HD,1,0,51,-1
uobqaeczcJj9UkXf64RS2c1BrKBKQdji1ii2Psz6gU89YzfcuWUognRY7d2qLBUZd7KEEpWB1ZjUrZpoCvhBpRA,1,0,51,-1
26dkQmi7rbL1Jg1BnQHunfiFcno82TxXz8UhEF1zzQQvnBp7VajCAb39ooBF8E6H41fuhAHvDq8XdNoU62o1vfSw,1,0,51,-1
4hYc7N1ZQNk91NbkPPdcQ7Do6T4XMJY3F1svaeXiXP4jT8MRX4T8V9cbshQGFL3dcnFz5LgK7CRa2n7FU1WfA7kB,1,0,51,-1
3UyJ5yp4gjukzjngKcdmqimMhpngaNbHyWuzBBkSzrezUd75UpuX2TrF8yz3MTd9hU5dZ9jaMmhjkMVAPdbB3D1o,1,0,51,-1
5wwsZDF3i8f5hcSHMq2YHevs5xqdAiUZjqshxeAT2AXCETASNGYvBZ8oP1FPSEfgK6NsmB5tnUPiNsUmpNbvBRk6,1,0,51,-1
41V64W4fcyZfRiXK5d3J5ETs5buv6M7ykocYU1ty2nNpuAuYRgmEav5J3j4GfwnguQfq853vvsvdzTWmUe6R4VAs,1,0,51,-1
4RrsCjrrp8QcTdnjGNxjHGbBnTuTZCnpitAZcmtNkV1PdBC959Mz1E4Z6dHBUFi9sXhePASXWJ5aYYJHkqWPxUjc,1,0,51,-1
3474mUpVonfBMfhrS2jS2ph4pokYu6AzpY3q6gdPXjshGPtKzAkrF1yqVf5pDzo1sRk3Sb4t9tVZ15gHrBhP7qXe,1,0,51,-1
2GtEMz8HxoJVPftFak3SJmxT1uGzksQ3Q2oBzv7Cy4VD7eeTzjdXfBrpU6GmsQV8u3r4kgKcHFPxVk2JMeSbGGew,1,0,51,-1
5yjprethFmjgw12uqud9XPfufynm4bhFVLk7UcRBAfaRCZGrtwWqo84Tvgu9QyHi3uGCaszT6ETWR3pn3Zpg88Pk,1,0,51,-1
yAXGJCqRbLrhKzTLfiq4ZD1pCt3BCRnrxhDykSWmGRgzf6XnGAyDeGudJAwUYmYB2yuQmoyuYgmW9ZCSUo7E32V,1,0,51,-1
BDip5uW5tNGoEoXAXiRwqujNJ4xZebZ9gPV2HomDzEuQpLMjyj2iz1fo1Du8Vc2ionsbWiQSCubfJFC9bHnm94E,1,0,51,-1
4TWpEAfdgvAi8u5TiyFmHBbttTKUHpNCG25nMcf2dAkthNbm1fSrXN51j3rFEX7wNFi98zXShir89GYQwmv6QpBW,1,0,51,-1
63X3d91z5LXo8DrDuHYgE4rEzgBLp5S3qKPaw51AMaiFMdSWBohcNbtW8ihwySjrJ5m8VqYvwjNqtSCpnSX6xv6H,1,0,51,-1
g3rw2NFcGmZQDdbTuJnq478Uxt9y9jW5YSv3WHFqeivrdVFbNWzU944wkHkAk2Ef2pT2CFKFGdq2xp1eK2nL8WG,1,0,51,-1
4XaWpkxAAZ5oHngpApvcUgxbMwc39nY1nCGo12bW6LhQFJSQhfQHBo4ktjyUFiViRU5m36Hw5jtrUNKMCVDkTE33,1,0,51,-1
ixjH431bfydZMjpuwiSDRpVHqTkQt6yWKzPBCgJfVYBXuiAX4jmU64dBUSyEYX61UwBCL8FybYHkQcyzQjjEsNQ,1,0,51,-1
27vkjkpMrTAyw4hsi2GvrvLZWpnxM1imCw9bWJh4BWNV9xaZvF9KyAzXYtaUPSJ17gjF9FnTTAFcMHXSHkGCLyVG,1,0,51,-1
3KT24mwU9L8cEWaz3T3GJhwSstE2eA6MC58UXTD1EJsB4LNumDpEQX6ep1oG7J4PfTCeTB6J5srsEHNNxk8W9kC,1,0,51,-1
3y6AuZeVJcrCYYD5EetdRPhjMa27PnnDwHYjDqAXhZCwNo3iuA1AMKdwR76Nko4mveGQN6ZjfoSZ94ZnSMdBELWU,1,0,51,-1
2Ps86WyfbNp3Jpt9vnruJ9VqBuNciJmdbcKv9ousDhfHpFKbBzsWHompma7EisHpwjPEEC8iz4YA7xMF54xmKTaq,1,0,51,-1
677FwZeuEJKua2anzzZj4qKgdQjAKbNNyLscQ99ZKNTYAtTwqRQ9cSKRTeyShCtj9qQa3uTNxDoKVTE1HttDvZ99,1,0,51,-1
2crTfKbBpCYZKKsctXRjYRzGNBy4BaskfMZZyKd2ngFGLsY5Rtr6nEw2pAPhZZPNE7ywa9WfcPDGZJyMsQtHNH4q,1,0,51,-1
39mJoq8fin3h7vNmLAQavHCbJ5FZPAG9n8N6QsyQ3rLBSXRd98JrJvqkCVx8KfT3QSnM5AxFeGAhu6mfkoGFvb8V,1,0,51,-1
E4TqY59eTKDZvFPEFSW2Wi5YhP2sVBLHgMWszQjd39KJnSZJEBhoWLza3eptUeS77dG2irrPgeVdFh7HZtLNMkf,1,0,51,-1
2Hc4MeVeeKbXQQbxD2njN28fLdru1vWM5Ag8aKJTFMzNFURPjf1Hs8LQGSrXq1N8EsHhwYi1MCY2w2Rqt5kNHrku,1,0,51,-1
213m4avSceW3DjYTvCtsymUj9Nd5HDYb6RKVsmeadGqB8fP9bFUi8nbhBkiSsYH3tJPWsbyPB5QA6e7C5gNBYTmB,1,0,51,-1
5LL7zD3jhMYxvAwqZQoda1otkm2ZdPkA53GAWJZdiLGw4twVsYRC8fBBwwVu9LGyitaySH6o3YPKDhqp5XwmeCaz,1,0,51,-1
4BKSz48WGmX2zQkAAUjUgoziiZUGYYhhxGf69jyXTUVE2fzB2Sy84AKz6PtpdFtaQhsRxtwkJT8uK4e1e8HnYoCh,1,0,51,-1
hj9FQabZfkeeqUodwYvKMnaFuaJ23vst25LT3VEZGPqucrj8khhVKwPkYNkMU1UW39oN7qcSmrSuKZGwMcBdfaH,1,0,51,-1
G4FdA1uvHULQG8NSz5x5MRYhy9URviQRoU6BmLc8fHCkYLAFTGseaFxDNTmxSERNA6qBB3Ja8caYTHx6fUo1YJG,1,0,51,-1
3CNqQ8nv5FSJKennciGrZ8RMBXVnUe7UeynL7dnDMHgCtsmYb5bQemz1Ugq9XYxEairEKnC1Sng9zu5Jn7N3vRr3,1,0,51,-1
5jRcQHHpJY8THXZjimuiZSVsBg5dR14Mtjp38Vj5nnMbuhCMuSJC6qUHpGpDo9p2fcHKFpdsHJ7UDVeoJ5VSv6GM,1,0,51,-1
5KtUUpnvoKbmgGJKz933h8ebTpuz5MKEd4UDDhjoCfj6G6E2pWhbHdD9QJDuwaM4YyGF8k1khBZWkcZgiJik5uPH,1,0,51,-1
8X35rQUK2u9hfn8rMPwwr6ZSEUhbmfDPEapp589XyoM1,50,0,51,0
25zatSEdDCr7vYkfdZPBUi6VCnKe4H6aHfZ7cwFtjpSBwR7GxqqHgz4EvD2rGjVkiqhenJCLeiiYUHALsnkJq6fA,1,1,51,1
tB4BjpPWaKuBpmHYyn96yagoHA99YE581mpVbY4LzqBc3GQryHyJfYWy3ptr9nprSLWkZza8biJR9YHhqQuhTso,1,1,51,1
2urKsUprQrRm4F5dMNnH9s5Pe841V2JpRQTLW7vikwMHRDLfp83n8gW66h7x9SsJFrCiT6XH9vh5Qp9AHkEQyivn,1,1,51,1
NpHyJv9fC8ZEFzo1f51HGGyGXxEWycSU9ER3BTYJwBTgbdjEdaoMiFRvkMi49PTZfnwhnWL7QqckbGmAHqtFLa6,1,1,51,1
QPZECTBat1DZkG4gCtxeM8yyzyo7sy3dVo9bad1X3Gkjyr2jdanRmDy2iWK7z7BH5QPLVeNVKL8SYKTWYsAjGi1,1,1,51,1
2wGV9nzTCF2W69GsovPptoC1qfKBz4mrq1MWD3m2DsFDcnbgpXDqP8q4umRGMAqmQmnkYV1DJRrvEdRexcyfMAv2,1,1,51,1
31casXXc6D6NstLgMPURSMQyBGShBnMyUR4vG61odNG5DqMJK16pZKntkRaFQgroUQXoun2R5nZ78rcb9zXYV6ES,1,1,51,1
5xWZusMx3qPuiWhcNNZ79pnKWdyh1C2u7sFBqaV8oaE4JgnmVX3Z1X5su4Xogu3NJgLceowjBzBqi55Ez41zz6Rr,1,1,51,1
3zEyQZSshsZBpV6VxuR4EvVzXPQdcPKFm1Kw19sP9E5yCVnZepBj3UD45atn5oBMWnJ8hf9rUtSZiRVG9fzGuDhQ,1,1,51,1
5MGFmGRzuMLhxSSLCvFkzpVUU79bKohWwHrAdTzH1prTTL6PqEKR9my5QNHGipS91q4yHgfAX5KkP1aWZZ9DSuqn,1,1,51,1
5pDtA2V9CmmNM46XbZknY2L8HwFrcTqFUSB22LwFfYWD75xUHQ7zwvdHj46utQg1GtgbkPQHMt6jnHfsGiBuh45q,1,1,51,1
435j4aXR1bRR3fNQ4GD7RntqQg4tishJZtiVs9p4SF7xamDgfpvRUoDwwH3YkmyTu9U1EejHHMfAMe9iDrco6w3v,1,1,51,1
5tkQLjCqjDMZcThQqmv7jBqaJ5Zxrvg4C4PZtHrhP5H6K5vaHduWz4epizikhJrHXCtUTpquxH7DXU19yKgeSV9k,1,1,51,1
22B3fJS76m2fhu8CSth8TMv9QSg4394q7wvJjxKC1nYc6ba5RchhSGfF5p4q1iutUUkEC2kc67bwDs1GEDNfPBrK,1,1,51,1
3WoKyrJJSJDrCqM8L4P4r7ZrPQp3grr23Q6WncDkunPf1EABeLszmt7aGxoBDnPSfwzk7cuQUJKfEiNV3mtULVaQ,1,1,51,1
5RAq4xYx34FnxnZSLLHZMiVnNyoYSVjFCvfPDJKWVJjWq9CLGBSBeZXk8NKxb2BSMCUWrLFT1Yo5XfM83V1XW8or,1,1,51,1
39B2LatJrKHKtukHF5FVMYgyTk17gxVoPM2e1MScx5Wu7PsZ3dV5jobLHTsMTeua5ZZKjBJFUUb1e7z4cFfeHjoY,1,1,51,1
24Jx7hyXtfCVSVzbazNiuuPeUpUwMh9Ucoq6myM45tqauzoFXh3LjYF1UAKLNLw86PcK1HseDktEhnEpWure3ap3,1,1,51,1
3gdG5cpXj4mxyo5ugkTZGBTHh2SYnphfAAsXeAnaLCiCuQr6JwF1DSMwRDaA9rDq6tSK7wJDd1MXkQnJ36jMByg2,1,1,51,1
VqZEmimfdjsso9TdQHBWTVH2m8s1MVU2JHmr91VizWWa7cXXsDQC4nhRRZBu28YZwh1qxLEMSfhUjqrbwvkfCAm,1,1,51,1
xUSoDMFa2tAXaqd42t33GSLeyNP2cQmpDpQAcFdjMnxazKJexFEUmv3qVix1tuFkwa813w8wsbuqiYZ5rbMccDd,1,1,51,1
WUWu71mkR7rgSpmQuyUsrTjKuS48kCLNpZvzySFexGwjxbHFnAmMPUYzkE9uawWJ1mES9BVy6xkuy6URKtBAZTw,1,1,51,1
28Z141WouHoEph4qbWFb9o48wCVYzpmf4Hb5FrBzRw1FW4kpuSiJXYpcKRGbi2Yr1P7VLkr5XuvSYDqU4NfTD8zi,1,1,51,1
XSp6FhW4SKQtHbRv2HWnzFzedavdczK2ehjTbUirQR2dVnsoa3t5azc1dkoptX1TERKsenEfRAXCPWhr54gujrM,1,1,51,1
54uNP3uD7XxGqvnoWDWjTAB43d7jSGyMcVFh5rbDjg9oi7xjatDAymPiBpGSpj5D9kJx1AmwWVEegvVYmkxcVkwM,1,1,51,1
C1eC8UBwRehhy7uvbBmYQnXz6yqYkLE7YWwyU8JVfUopTWwrhtSSi8ZqisqbkL4kGha5SB3vWgWnJUUYRfC3x1C,1,1,51,1
3PH41vNTUdC4WsMCsw21dvShUdtAEc4msQcmCHiHtTa2Mm29ezCjeW3DspR2GEMcm3Ns9U7vJwpKQNBgcjgTvMzA,1,1,51,1
3YFcrPX68hBoP22BnQWrRGVKqSyzhYmzCozAd4BGvS5DWY4MEqBrAVjHGdDYSqHbLVt8eBFtWSQhnQC4maifiDWV,1,1,51,1
5UxEwxRb94kVTYyAgoLJ5Rb2HaDJS23uEryaKwjaHU949eKHbYvHTFEX5E5y1MVXcUPjR7RzaYAgas9Ymxnsw8ey,1,1,51,1
5t9xmLBjEY7cpRmM5M9i4GQg1MgVKhvJS7WvkwekoFQj5iBZD8kyEViB2sfhDr2R1QanPpL477FLF2EFJ4B2YuQW,1,1,51,1
128pRjbApXJRoE7zzYAkhrqysFwpFQpNPuJHupPxQU4DvNV8KcfSvDCSsE5QBCmAfMbNTAShGw5fJwpZ76zu56Gv,1,1,51,1
37oeuThitvmhRJqpfrtZFJ1ixSC7qTy5d5kfF66dUtcjj4J8KTZHYkHuL46R9ZygrWQ2Rc3HKwVHHJHWcgrkLeQT,1,1,51,1
4GrvWcctQQAQgk61N2GcBgWRtz4ngaHa399kqch1YN8MhuUkL4iESFKEre2i2hHogj8EatyyB4w5X5Vb3shWcQXq,1,1,51,1
5cLR6sx54pEYM399utYGAW7Cyg7r2axxt78YyWFFbCAKwCSxpc2kM9aoJu8139R1BQ619yMS6FUa5yDpMJrGdWRN,1,1,51,1
3QkCNQ4bjNmFdGDadbXLRUsrLuAAyYEtcbE6qjXpXb9HywAjUpcaatytLjiSQDb3EuvbjLHQCkfrcpVKtY2FSFZo,1,1,51,1
3Ng2YST2wFpqyVUGvvWG1HF4ZwGZTKn2Wir5MQR32yKTX85jGzq9bNB5je6wBfDLNASKLU1W6k9AYPcGwLvxCWNd,1,1,51,1
2owPtMASD9iaFshvoNSzrMPPXmz2DuhvARe7K9eF4KEzbmuqZtxTQzfRKXe815WJXLjMkdb4ELxjLNK7nhoh4qES,1,1,51,1
4jPGRrZeb7QyTDqsRdhdwskgeSsXWFM4b8Esd2BqnKdWJkrCVvENCrZe4fT9DCxp8uZ3HvUHNYkK1D6G6Ng8kgUi,1,1,51,1
4dDNAkxGF3d1h5J79mrnwRa4sfiVNjBzV7jC9WHcNdPKgUpTMp2ReV4hMGc3yCMcZYbhUYp8bvMhuinjk7nrM6Jd,1,1,51,1
3BeWyfyLkfnGYkDYnwPcfopVttxiFGpAUyBxqjS2YhoFi6m3Mj7AvxVqPS3Mi4gBhbwfcwF3UZ9tEHgn5ZNQSGwq,1,1,51,1
nQBpYuvWXRiSeC4YnLWZQ3LEwiB75s8SQpe4T5eoBV7nseNTLYrG3SnNHQBo8iBeADjGK6wmLkZAj8r5cTzfcxX,1,1,51,1
eGbMiaUk3CFb3bnM5z77XoVmTKJiqn9EK9nRKnqYdud7hKRUAAViph7dQBYpgnKf1jACi1ywq2gUBMrWQgR5aCf,1,1,51,1
3M1VckALsK6axk7ZUQXZefwwxCKtpvEdmiR5SPoyQxAGiE4GCuLrmHSD929U3XJSjbivvCAP7PZzVD9bkvWnMLsy,1,1,51,1
3RgHdDWvcLPqvhJukMjxn1jXovnvr92qCSFhchguzYWxGm1P6dthFdgoQroSF3n4noyWHR9UaQP2BpDnQBx2tFRy,1,1,51,1
4WXr3keYVuzxHYmGj7MAHwqM8YartrDjYLk2834BqAVhbgrsDxkTqN9NNLZ8qiRBSxBrCL7gbHB3ZxZf5QeQGNe3,1,1,51,1
3w9cGhu1SzZ9jR1AcWTHNheCom5nP7mWx8oVp2sFf4b24PZ1S9fcHdZYVTZCbqHMoqqGLiZKBGxs4JTkCpGWgqD3,1,1,51,1
wM5SZnFzznWbu1QKxqBFsELVNXPGGEpF3cPiaPm1Ht1wTUGMeycrE7ZeaWUo4xfHZsWHAZpfFM21hBxLZC3b5Rv,1,1,51,1
sZKBASrrnF3HM4EQayUxg4XNiBPSzBpuCqPwn9TVy911KHmK3tuwedzcK5JMdmPGuVniQUpSrkviFx6iWH8FNMn,1,1,51,1
5LfUzS61aaRrUz9tWk5TrCqBUkaRrCRx4f5ER16mgjbtvYZBvMDqLsCfMcnsLmmWyfs3isR1qmteg1BdtE1SsT6T,1,1,51,1
23V36YLAde954qErS6Mc7VEP3yd2eKwJ2VaKXRUQjgFiDaaJySy9QeCjN5pHt82z7j2ca7JhjWhZYny5omC6sGJK,1,1,51,1
CPZmKkAhD2wv1Z21EUZvdH8ZeSD13geAnSfyVBwcW8XK,13,0,16,0
2iaoH69r3qCzqoZfmSsEQTozejA5b4Ce741KFrj2RfvthR9Zaq7SADcMNpBb2Q8shRkFLrSHKxX8Bhjdxx816GVn,2,2,16,1
2MtvFCTFEQ4Mn5vCWTs2gLRN6KgHVkxt1qqxtQsLCaJj3AtgjZtv28zs9NweqMLY3hVBaFi7aUgfiZnrCxY5eq87,2,2,16,1
2YxxxNcgLrWiYP9tMPQc32znjZJvkYGPbNEsrrByMybNDA477Z4sQra1Li2NxfuecEnriPe8gjuiSjzoaMQQ3AvT,2,2,16,1
5gDmcd1p6m3yGe8CgK6tx4YyETSLiHs1aR9vgBr6bAowArNmCSWFKf6TgMd643E6VhMCbG9wUmqdDKYgGui9inp8,2,2,16,1
4BDRHCcy8AgvfomNvUgLMQoqvxzyQ8ZNYqEhyYHTkV7kVr6vg8jq3MKVHzrKARqP33LTjJfJx9P9fpxi5mFHwQtK,1,1,16,1
2gxa9Lgwm8bixwUSUVvLj8AukeDin4crrHZyEaq2thp1iBGVRsZNpzzcsroAwSwWcXSnhH9qwavPVscHgXSwoJij,1,1,16,1
5iTiR1RUirED5YVeHtkdLzSaZK8cbqdevzKCamSD8YBncGJVTDp3rEjFqH3235uojGd2kBS4U8PLNf41Ho7Ab6Yq,1,1,16,1
FS4UvviCuBdtJJGYVqvxVDicmhxUPqHnud22vqa19kxNnF2wPuRTqTsCDrBBTBXSiZQXRk7oJk718nLWdKWcuCs,1,1,16,1
3Wtyxmt8nLf4Bh5UAkiKVWJHMbGmdFYxK1b3X44K1tcqSKFn79XFKp5EUZwiMpjSudHUfq9qUkYbeqavc7CNzWSy,1,1,16,1
2nyFboUhkjUkni1QnZqukbRdNJMrM25Q6YCwAhR4pvGyVtnz6WMz8L16wpjBK5SGjWxbTgt6U42dUaGRbh7ZP9WY,1,1,16,1
4cA9oacweB7bnYVe6BngLWgqrnJNVjfepQ7TTXXbVr1ABoaSgrzUagx1Zv9ETtKbqjuBNdfoYofMX16xtN7XepQA,1,1,16,1
3qSasSy8zoaaMTM6SxJF4f7L3bCtbgSFq8QshA79z4NTDGUfF3PxJnAwaGXzCu3KwzxvG3J4C4UMmWDJsfXbaoTk,1,1,16,1
4MuGGfCeG5TMqFh6GF7E6XUFK6HuUHz3NAvsUJNFLhF7EZ8xsbLpDasBSC7nD5XveVrAmTVvw6TSszxMXZnZ1SZg,1,1,16,1
8bK8pCuBnJsu4C25g6cr7j7YEosSpHwmYamP2HMBT9Pd,50,0,51,-1
2JorB7yA9arrVPJmAv2NyFqPvMsvxfnp68mptyLdNuW2HrXBqPM7fvJTks4JT6kogt7xMGUwBgGMdJ9jq7NdR59B,1,0,51,-1
3yyuGX5LDbWGqeTT3go6KN4gTXDbRgmhVPJRmTK6CdZEQHdmqQUWCUXCiqpRh6qH1ee7uTXNzRo29rc1CaedVPR4,1,0,51,-1
5uRw6cPhuyq2mXRJPux2Jd7SCX1Jhu84CndoSasG5nc2Kb5THfU2YC14R8dsYQYNJmZvsmZrURrBbMwr8LTBvAdx,1,0,51,-1
2HyEncUM2KRQDidDKCZ38WbWTcuwGkeCzFczAckcGhYe8UV9WgXR4DQaySPWTz1UNqg45tNvJoGWQhe6yGE8emjz,1,0,51,-1
4fV7ute1P8vTfo8k3QbZYTuFqDzXtfNgMvPgj8SLoGrD2eHrTnhfyTxGJudebKnQX36S3EqGaseii4srSgD6TZ78,1,0,51,-1
3hg1ngTGZcKJQMdhJc1pBcksgJosDkcDu4NdU6SbMmu3nFVNVXxiyszuU79JUNAp6wuwygkwnndqdgUJwew1c7b3,1,0,51,-1
JZx8ids7gWbdBoPjKyTizwqACHEwE2ynh8FztpzyBN66r3pLxFExu62hV1GKYCHtQkChbptyEqDB82RcUWK79GF,1,0,51,-1
47iFT4qXuaWbbi9hwEPb3RJJJdTgX7rB67kF9s2sT5cD8fRjWKJYZPqmfgttxJPmHMwd7kjfiUKWgNaDatuHvr5w,1,0,51,-1
3N7w5uFgzAUf9uaGAaxVE3YqTEk9geqaJ48sLxQ3RSGcXJN4UsuusYCSJkszS1N7vpc6qbcRq48Fu4xvuMfWVsPM,1,0,51,-1
4hgzN5aU2zZs7vYEy3VqBqy5a2f1mWf7uGrBnZVFJDiWJsV45Kzud6bFsypoo766rQZs6dcoSxE9Ey55cCECJ9d9,1,0,51,-1
3ftr7WYtC63trLeNeCXsh5A3NcP8DB1qFkrUPoiFTLEUxf3ZgUmReKGuLtnVumQcdufAe2EqXJXfi4GYxTXAv2wC,1,0,51,-1
5gDToq1xE8gGJwmdruRnbuqyi812gahZMNmBK3Qb1DYyXLwf3vPsZdQSXBcsXHnQbAPsLKV9HD7LTgyh8P2tpJaA,1,0,51,-1
4yrUDgWPj1tBom1QdD9w1oUXD6vfiETWH9qwD4nYpUZAivbCnKEsLxNWQ8qYd866oUavqC35aUTYMx2cWuv3rAFi,1,0,51,-1
jvwcZSX5RqFayv8MSxUPbEL2rAmvEuUB4dBs3RuYmXbE7vEqY8P5pVENyiDnLxxmgr4m3nbfmxg4tsiPkDWK4pQ,1,0,51,-1
tX6FPTQLthS9se6R9f1e2mpR3oJnz9yjtLocXxS8k66Ham1LYRMFHmkfAWQQw4HLEQnxHFMYKVNrCdKLTzfgbU6,1,0,51,-1
2XiWKxZ8i6VWBjC9sjGVQEDQBK1pVdBfgy1JCuAv1UZuCNAvWV1aGfEJqMw61oMpfefohVgEcmVCf3WTUf3wZC9G,1,0,51,-1
22p9dB76QiLCqhvijjW5hiWDW35v1fpQhYiomPL1gXXGbP2LYBUn44P4SFo4n2LEFzycBG9e1SpE9q4mBPS1VyWJ,1,0,51,-1
3SREFMzWDaPCbvwm4XuXaydN67nZdLTkqBbi4SvrNZtvWbjuuTPKS9LFxZafV4VJHkPvjHGBYfZ6YXj5KRVvU4W6,1,0,51,-1
3F3ssr2hL8aCdi2Js5R5syWBxtacNQJVkajaf1YyA9pDAdV7UY7vBWNwvSv1cYbafuZsMhxY3BxjbCVUCTRRvUBk,1,0,51,-1
3YPqhWKKXkUSDdsv1NuyaDLsJ4x1a9ahr9fSedQKtDJmhUBkDKuapKqEeQ9BfzRNu2KXkbezZAaxNFC3a5CTRFnV,1,0,51,-1
4hhWMVvBsAgHJfqJRapnU3o7ZdfMXPdTNkSt4JMZ2CWapSSaqXiE9mnGg9UegD78HjRXsiG34KnsJQP8uQRAnzjd,1,0,51,-1
ExEe1To3ipEPgxviJcsZUxxFRppRFQuJkwJj2aWTyxivDK2pGEaHQ6Y54htsPeBTG34sKJg8c73ZCKYNgyqqsnF,1,0,51,-1
27EvFQCQ3cNm8Y4im9JrkyyPvsw5HtfQwR4MbQwuAKJ7EGxm3Gbtd1NxcBLkCJsg5WB4zX4MY6ffFuc19rWHprQw,1,0,51,-1
nnoruzs5xyB4nu7ZHPKaHjGWwKYHnoWRpU7dZmPiuwAbxhRbVnEbAUS5v5hC3oKj3CJy19NkKd3Wg7sxJf4riz8,1,0,51,-1
ikSfpvj5bUrxCn2ugb3h4hieP1qcLE1BVnuX51mc3nsF2hSWv9wQ9ogByaqBFwejM4oSZ6cbKdabHBtJe6BSbyk,1,0,51,-1
2Va6bgHWLBc2c4tUJ2SMbAYcYS1bDAfYLr9vMpNbChJmK3c7DauszLuekHBjoyeYnH1U62eBF15K7Hr4xBC94X9k,1,0,51,-1
3U8A8qBxtyauCzQ4WCPtgysg5outUakexVkfWFJ94oxXm4heuYY8esBB1Dz2RsyDCN5oF4Tfiog8ZDEejoggTShJ,1,0,51,-1
3Wg7pewAd9RC2sd99nYD4DD2fJSVr63ogZoWkvPApodjDjr7NZGi5KWv8LCK9iXoVMZUsz7A27yyrWU7EpVb8KaB,1,0,51,-1
58fWC4fpLbUwynPyZVjXuiZT9G4qRKVEUk6pwdCSjRMBNPyjP5xEWHC8TccUnN8LpApAR6vdjpwHm6fgMkgFNpEo,1,0,51,-1
3r8GFcwdcEvWTfULwo1QoedSPzVJFNoezsi5YHUQ2RAZ4xXMq3H2R3yaMfgEgqsxM1iQmsBXwVwxMv5CDx8FNuG8,1,0,51,-1
3kobriTPML9Zipp8N1MoJtYR13S4TeV9kA1QHpaM9y1p3Aqvqo8FHZfpMmbRyQUG1gRTZp9M2h2UY4tigHerzDyD,1,0,51,-1
289VyHHhtweN6SksDBM8xKLCn2WG5wwNDGdBmBckEcReit7D32r79C9ypHhDTbussejsA3PejkBgjWoLHf3mtvqx,1,0,51,-1
5BYBzboc7CwRvPFjngW99zmbYobLVfP2yAT3BjwxLZ8KCfEGJa7caeFD9c525CpQY78xQ1DrSnw5DaNDHhiMR3Pb,1,0,51,-1
4uVRpe1SpUoX2ZNZFiQ6mtoXbKZv1osP2kf8pizHxGC1h2jAj22qmJJmYmFBYqEjQ6Ha4AV4BRqgD5xZDdjRiVqM,1,0,51,-1
4uDzT8DCSpxWWXpRDhTR72xPHpHNZ59R6fYfHrTkRJtwkQ4MjTLyafWg4cmmT45azcZpBqTCHf8VToPYdtRd8aUp,1,0,51,-1
omQuQoHMwP7N157UYrHoSpqxb2gucMNedj2kyDUap8wDbibvEm48HyrGkmti76MsoKedvz6co5m34dnYyfL9Sbb,1,0,51,-1
3iMqApRggfdq5Q9m6WfeZzU2dwzxj7NDAdyAfkt2rzS145KHLvkiTxi8RquYkj49gUpVziM4k7byfhBHwErFXXnt,1,0,51,-1
5qeeYBgQGSPxzegDULEA45NJoKeu6b7UUULkiBvHyScd1k98F1RPgY7eUa2wZaswqkbMhHuL5bjZ4Dgj5r4ubxok,1,0,51,-1
2iRYrE316JYGLbY86D2SxvSfuXwGY9X5dSA5SwrEdkXBCNb97TGP1RkV2qZViAzKK1HG1EcQXV8rRmFXhPYESGi9,1,0,51,-1
2xHtVQhut1Bs9xx75ZcEPY5MFEPXcTLidFYVZQ3u82Vmfobbc2PvLtBdTzuWEeGB8vfak2T8wq8vUKfQvaTTmggp,1,0,51,-1
5npLjD5fFTk6qgziuSenR1LYztrQT8cSewCq96npT9JvEETQEtB29SUz3hXy7PtgnUByTm4GPokkuPPUtLJaLrdL,1,0,51,-1
2KEuufnyMbMRaq5DuhNTfXJnq4y9gYmQHE9je64PaE5kbn4c1CNDFpWQqUxQ9nKvM2GxrQZMoY2kssVWVwR8c55Z,1,0,51,-1
2vqBqyxosNtLCeyYGQuPVuszFnQyDgWkGFkDt1k6ZcFM91ebiqJSCzrDgbJJWD5J4qTxLTkp4u4ok1aFCV8JgvaP,1,0,51,-1
3Z4hYgSdAFekx9HCJkX1nmWifpwRrgqrzFxhYmpcT5EgzQhi58CP4DhuRdi9zun9k8xzywsCKs53z14fnL7kCudc,1,0,51,-1
4CjEF6iXq4xHRTZ7b5CEawB6oiatY9TGvy6ior2pFr9nHbMPhFqfqmDXz64PKx7o2FTwt3TZtEBJcFXATfePuNXc,1,0,51,-1
2TkvFpgodsjqaEzqNM6Q9j9rUsQPBjZpMfjy2HPVJZzZXn5ohP4qqt9Tvb7qsE1YTXHVYA48mcRPagMBrZGrc74R,1,0,51,-1
AdoePm7PRKdHcqhxPyM5jtahVeEv83ttKZSuVgqpTS7KPYAGjeLd2q29gz2nK7NGz2dMoQSykJhCWsrEf2Gfu6U,1,0,51,-1
5RN4WaJvyvWH8xY9T5wT1by8Kg1rH3F479n4hVL8XDFak7YpUK58CsLvCpCYWjGf7wME84TWHFg3ArcNC8tX2MEZ,1,0,51,-1
5MnfK96vL8teStRkugfqdFUsuWuBYRouBj1Vh8Mf4n52yvwXzRB1bTFWw9MsDRMkCB4ica1WZjaVBqLskpzBSni8,1,0,51,-1
26jDyCeqyiRqY3JisV2YP5MFKua5pYsVbWGBi3HyCDeXywdpeYQH8cNCdexk3oc5KkvJRuxokHVQXY2B5USoGyt6,1,0,51,-1
2JaSzRYrf44fPpQBtRJfnCEgThwCmvpFd3FCXi45VXxm,50,0,51,-1
3TTkFgFyz5LBFpKd2E98XEh7j4j1FcCK4rGsMqnKNVexQy6TK3wLHVBsmoveD7H2epBPGSVajc2LuDwZ2CSU9Cak,1,0,51,-1
5YZp757FBotb6fhb1xmFjBudxhpgEJJ8fKFdhRDi8bBiQ5zuQpd8iURU4Kb8d9Xxf5SWhszdxCrJbZcyLFxKX2jp,1,0,51,-1
2NpPLpYZAHhi8AZ8dUzSMr2mjkzisAisZzen8vForXhZnF1knAWswTcGHiDxbdhb9o51PXKc1qeQtxg8DVHho5yP,1,0,51,-1
4WBqutrLhdomUaDvzgL8P2A6og3wqPWsMkyW4adB7qVG8tytpH7JFuwRtLjA7LXFKEfXyQZbmoy5KEMZrxwU9Ggg,1,0,51,-1
359PHhqgVNeNZNtZhnB6utzyv3r7P7hRizdbHqsgnss3cKLKipM5WKSwAx5XE1nT3j4tUWVQuU4ENV1tDQmnvp5m,1,0,51,-1
5KBBrppCNccgvxrTpVfrKv1jkAuxaWhMjV86vT4obQKf1cKRmLEM4BV8NqJRZAAyALC3pHVXxSri6meNqu9Tpyvj,1,0,51,-1
63ZFEDPMN5Zn9tuNGtBkpEXXHNvpdDSkUvfS8PniQxRoDpDWABNumPanD9LXjb4voAWMvs24naQhHWm4Z5cvVBPL,1,0,51,-1
5G7ssdUy5TtQRuZKPuxKENms4iiUxsP2ucaWDDNQL2NDWuFcByWY2MEfbgJQA7qMdWimSBdcMpA8EGhGLA9r85CR,1,0,51,-1
5HgL7two7cA4LfFk6R8Wm8swD2yXmNc9nTJ5LjnBXgNxVz1uDq7ei42vyGjh9KazVYHSmBtGzfnt5kK5hzxFTWwi,1,0,51,-1
4TAr7VFXQeXCveoiHxrjPK5nJ42njVuSNxxWT262o56ykKNmjcPotWoAcT8LjC2Rz8sEyNpDrPaV7KYBXteXC463,1,0,51,-1
w1jCRXst7hwF8cC5ekckAVFAUZJiij4ykCNSGBRyzP93LBrZak9r8EFAjxuVzN5MMMSTFGt2rV7U7M93TxS8hSx,1,0,51,-1
31h2UhCRj4yLzNxDr4EjwCgZEHaaYKxUtsBB5PuhrvZR2Bj7QHRhEKqnxK6BVoycBUmtqXch79SCUXXVrX5SsRkE,1,0,51,-1
4iBFUcZ5W6TsUtNi8j8VcUbfWFhKaKnH6ukVLmR2s1KKEtxSoDsqMa2Br8mdS77ThdLS96C1zaRmtQJGomiZdPHQ,1,0,51,-1
2pg1knw5kYQD7MRYLM86hMmJxwpfZrCnmDmstZQHhs2qdaq7eYXPtPwRmE4Evsc6i86BK8tkwy8drFcUtXwwR2qc,1,0,51,-1
suQCHCDAJG2fGoZwt8axbtpoXasouD259Yhx8v7ggqxYSScrVyWMsKGNRLynRqvao1rFASDMF4KG2JTnW2XocRz,1,0,51,-1
4bjhxLeMVeL3uGYyH51zeTFMpw5gYp7a3r1Nn5S3H7EYVNccvYJ9YbHqYeYji5uB7ZfJAXG1mjspDf3rzRfbj53U,1,0,51,-1
5KveF7b4sUoL7wnWDwViR4RvKowwpsUMuo4N5mgYbuaZTcoXzn6Jkqump4VjjwdGFDSeTKcWzFbP6PuhHJJAjdJd,1,0,51,-1
m5xakCG4Yi8dGBUfmFv2cEx8CQ66bMXN5DuMiyjadBKp3D5xEhFNnfob7xvQGijy12omZGNgv3bsro3SUiy8ms6,1,0,51,-1
4tb9P5X42v4XURDPC2W6KwLiTBM1ECMKPYkj94HVVKidqKBWwPeyk3XwjK4f6x22pC83Gb6rmvmJY3SZbAKC87Du,1,0,51,-1
5D3oeVxPNGTPVUt8Wsmp4g9USTNnvYgKqEkYmQAontLaU7Ef9s2GmbpscQSDDqJN3tjua7vqsY5mcSUStAMnott8,1,0,51,-1
3hnnSaEh4Ewxp4mQCzLrbDRts86nGa3H8hrYQf3q1aXBrSzAnoQzG9vsWAGaF8JNiKgCttbgfT6G4VXCpwmgXSbn,1,0,51,-1
27fH54XQ5WxeYyH5HvhYdhgwQu9qxNw8jtTFxdnFNnEmuyTiv3UhQKo8cUnWqZ9wYiu8WkzmKjyAnkmJMzGsko1N,1,0,51,-1
D7D3Ta2u9JEph5DZzPtVApAqmnMiwMiW7HYmWeBtRhfXoqoLZ7K2xHRf2Cq5HWTYtPZxox647DABxNcDF8qmHuy,1,0,51,-1
4K9xEerKaKYvjuvBUiFCiPzE2SkXYuzwYAv6U8eGWRPsZc61U8Jj9ZMJxf8qsmz4w38rvs4pXv4CoYZZ1Mu2aeKC,1,0,51,-1
5WWGG2z6SvJyEppKptF1AdiztRYbrqSMkMkoJP4bj1xsUQK4PuzcHHMSsx1Hxjj7JdctFqt7do2FJwcXDzFhWQ4R,1,0,51,-1
4sVrAYuywfFcAnGKsrY2DKeKsCXjWhqN8HimirvijJBWS9aRmGMe4Qd4QR8CFJyjnrG5A3uE6EwRBtr6mQkBeM6G,1,0,51,-1
2JZyB4go6cNsRLRtRYHuPgkp2c3VdG9ZQXHTopbA5pAfKBdy2tzG4Q8nLJ57rPfYLdVrErb8pz9E7hLttF7UBGkm,1,0,51,-1
3zmJYZYmuNiNWtTxni6KQHEKT3aVM8cCNZukGxFSXYeKLyaDDXWMASBtAwJnvn6HgyEFP9pu7bRpY4UGdgLdtpjC,1,0,51,-1
5PtYAPD9PQdAdoMcTgejZf7PLnTacKFSLKof3hJWj93Q9iDGs9jXoCvzDQz4VfYNNukm5PikpJHjCgJWupc7Ks1i,1,0,51,-1
46bRf5vPj1eLsCYTxhqvczQT18LfxaGBdkzHUUyU7Eax5jYo4bJAqNzjfp6ji9hDCeJ3fS3rbWoeELHaUtv4x6Pj,1,0,51,-1
2vRDniGnjVUEoiu3wf2DL54QR15HpCUteUQEcRYPj3Ev7s5t4JwmqAx9yW9pm6jLDmp5ToPAWr8AwNp3oX5oVRFy,1,0,51,-1
2t5AeCteZSgBhZvV5EEf2fPQzX7DzRdS2VFko9NWP59KsUvQuAaTedK788hURvTgkWYsvKyzWiby9hzGLgpcjEkM,1,0,51,-1
5T9Yyf1HDS8Tdyj3cS3PciPmPtXFcf4xuXfE1tHr1dTUTPe9Vhrt6EwhAcu88XPitDKn2pCEtoFGiTK7gTc8FCcK,1,0,51,-1
2MLajLtbTiQNM8MUhvJ2fV6177UXPJ29oEgNLZaLASW5FWUC94YshvBz9WaeX7q6DyoyVCKBLh2Dm1gE9vxUZwEs,1,0,51,-1
3YHYbwJcUgMJfF9pHGf1EbvgvRXf8STegAndN87P2eAgjLUngZDo3XYuk5i88cxv3r1gukAkHoo7tLHCsrpLazqe,1,0,51,-1
5eWYAW6ZjqdB7WdxckwjEdgb68RA6fcQYzEGrB2kVBZRB4VRao4Btd7JGWGZFL6NP9F34FcFxyVKk7uEH2idaqus,1,0,51,-1
4WgtuSoyDho8jv1Kyn23NcMt4ez47CvPsxQYLNwP4YBJKvTgzTZxNJgoTUx7HGHnJTJgb3BocQBAHq3jLWx7s4H,1,0,51,-1
4d5w4dEzt5mAv7jk2GuRiqRv5aEAx5KU6qC81jMStmwd3pXW9fBUaYV9mXcm7sS3mttCXj2gPZgteovfbKApzr6A,1,0,51,-1
5XQasgN95dCHWT7XU1rqkakpuaoDU52AmvYP9CZrznQzMu6swL4XPmQC2ASSfeMMDvmBV7QJtZDGghxFcrcBYHxu,1,0,51,-1
3xAGs7BgwUmC1nzWZhQKt8yP9ZEQxVXseAWPBn3mr2v4rRb1bHAoAqfVigW6HfTTPgQifEH8miVAxh9GHykr6P6M,1,0,51,-1
2xjZMi2NkG9jG8c9WKTrtDoVR7h1yg8BjHf1cMio4YdMJu5dfLvq7rLRqhFXeq4atnSH4AtZzCY5F6wKqGF5iqqz,1,0,51,-1
4hjXAfjuNhsg8fBMogej2x3Msq2QPC1DGPDRrEsbuD28gK63CoWRkK6TQFTxiNK5njT3NfKBiypskL5U5NVc9dtz,1,0,51,-1
57p4agA6Q8eK8cmwpyHcztujMvKx9CvvWVWJQhnHcqoZLDfyoo7Lwpugvcmf8ucj2PRYLe9F5NuPt1U77ut4xPwJ,1,0,51,-1
3xfMUxHVt1KW4NuHT4pEeAZaWjJRUN72kzNtgb8Crjmq9d9aX1etjsBCiDqZK3bf8rqD2CifPmb6f5an63YWRhoE,1,0,51,-1
5eJMCEqu8qH49LE6JEVUm5BA3JRqTN6TmGytHtibxFyCHvS3zhDT2FeNb7twcjAZAruxvwRzkMT9DQAoVKS4fxv3,1,0,51,-1
5doYmB3zteqkXZxHKA1jnmmWhXkkWoj527UVf2wxHNPqVfpwaoSQC51G2un4siA7m2Pfu6wHMMPzrdQgt5wxo5xf,1,0,51,-1
2ALD6ZTcfCfntCmnkjDu3aVGtDjEfrjr4Ma8o9ey2hXLWDcw3SyYt9jTBS41rXAeeDN9bQGiTmpRLxtjsCssvNCi,1,0,51,-1
5oxP1e4MeHwpWcEphEreqpAj5uUmrUSWUG1gXtsEkahoVF41b2xyiRN7ARFBBxmQ2t1vfHXCMAysiuusy65fTFJ7,1,0,51,-1
5Hunbd4b8Ue1JtxcRNLkTUQha4qsTEF5HuKGzkLGpCP9zfkvB56n4rPMfgYAHCU7BBKUL1sN82mZ7z6fxEVeDJd9,1,0,51,-1
4QS8WCHJdve1ueDZDmWdYR4NrPZi8z81dPFqDBJWArExnGPQKsTCvbZBEBN7eCdp2YnCaKHTDa4aLJSam7sXNhsj,1,0,51,-1
Dn2A6nMEuyE5WFjf9n8M3nACVsbjKEhiXeff6CiD6mtx,50,0,51,-1
35oj82vtPU7vK44xRG3HtwX4dZe4ugPzdHFEA8qSndW8ZSQAycuPEeddNoSTatTyUxuAeaovKo5g1Gs6U9faPH9z,1,0,51,-1
2GhXxKS6fqiay7bXGXiHDtPVzxp9y2czkLQgfoZ9fz4vYxnzL2762n6cM7AiDEDTARix5AciZxvRUWac3LHcCLy1,1,0,51,-1
35WaZsehVrd6AKro2hmcwossKEuQDx4cRpekbD7GdoAxwJFrt3KhcHMtKdSsYDGXeoYPCNBSHwkjXjua1WryMXnV,1,0,51,-1
5Jo2iYsfZpeUurS8tNwru8mhBb4icnBkqTcgTNQrMFM9uVRxUDmRkAZs5T7KETJccZs3XWtcdKA48ivfa9zaZ2fV,1,0,51,-1
4nKVbUEBSKMSxcSWkkYBEFUC3ML5b7tTSgVKTrGJ1Db2cw3eyHysgcT3HCrJRotQKhj8wpMpxhPupurLjWx97XWm,1,0,51,-1
5oWv5QG3TpnRP6XBLos93rxsmqqSM7cf69jxEbfW96ZHMRJCHmVKiNCFcsxoG2C6mh2fQre9jipamiJSZa2ifYZD,1,0,51,-1
5uj6EJw7sQtkrt6jgdMArFVbLgGHFToCF929RSFJ42M5gPETHTrDYYyqAiWCs1awtsF6Gi2QmU7RKv2vX9EtdsTm,1,0,51,-1
fC365LJNZzZ7m81DkGNm85HpDQDsiK4UAnKLETd7q3BKtktTYxQQNUbbHvvKDsMjkMUMWx8C7KZXpwUWh7wRiSt,1,0,51,-1
5L381VRsKQaFgqP6FnThFZuqAPnE3y6eaqjK6VMJV1fRjvA157f4YXvv4Ya5PuHWm2F7agzMjUUEJCpjq7nhUvra,1,0,51,-1
4zm2bGADuDmnjWYt8b5edTxnhGkmNDgvhwWCynpuxnUtXojPjC8PvFXYq5JZcafxE4eVd2UBBbjAR5rMeGaWgBNR,1,0,51,-1
4sLAmFkKXEBCWahThDM3UwRyrUnqa6BZzs3o6cBgWXVGXYtP2tc9A88CpRZyaVGFqZJ7kgL5WY6tNfcAcWQy9isG,1,0,51,-1
3LZnP46hemzfjAFsMNgcPLyFFMmgDBifam8oD1Zq7VAbCZ3EdhxhSuFGdpusa66q2e8oBAWztXKjLsgyRp8GDbnR,1,0,51,-1
5o8QGRf1cNNUKun2eXkBMjwaczXD8RHqDbK5F6S9vjuPra6mkYP6Uih4KHVurA2ZFo8kAMEQjDyfDZv6p9KsGsDF,1,0,51,-1
2XaUoFNnZNKGGJVDhnnxiQ7mJMwiwZLXPGkpQ2yDkKo2qDFgb4mp3bWTLmbrTdJvkb3YYuD93kx6CZk4nUPnMw7Z,1,0,51,-1
4Eq6TAHTPigpkgjTbKgeggCYXx1F6zqanvnY16F77m1aYugygfW1ENVQUQocZj7X4LoAgL2hyuYiBiQe47bPokUF,1,0,51,-1
5e7KGKsBT4CAUC6yxfLJaFtoSWEFhtyh6KJ3Bz3BvsrbADtq9tBf1PRageq48A7NKuzNMXzsFbyH2zcsm1KS48Hg,1,0,51,-1
W2DXA1xJGFGVFr7aeT5sbLnUx5GH5krUdJeAhQZfNAeYaA6XqW9LVD9hhtG2HQgqB8cAdigUFvosmdAGMPZo7N1,1,0,51,-1
2LappXT4jjxJkaz74NbtQJPvjcAxaTtZXEBR3Wi3BSnKX56wZ4AYSemk6ETjyu89h4htKWHZoWPQCSkdyaMxsqFW,1,0,51,-1
NemBqbEfRuyBHtAooUMUGcZXfacVrmM4nKN77dHZiwRkHeH4e9cZQZpgdtujYoXPcuEhiirz9prVZgS76pGKyfk,1,0,51,-1
5swgsM36m3sryeAQtnXA64BHwT4MuuEyK5A1rdhj8afM4sYV6Y9KhAVGcJywiSkPUxYcnWx5aMJH5hGepGXJrjG5,1,0,51,-1
2hWsiQQCjRsRZLdeEmwyFNa29Q3H4wnktiCHGFPHufDyQhhaSVnDJKQfZM5ZLwm8q6qqqpHdxqYeHfxP6fX1Buid,1,0,51,-1
4c588AaKQPQ2BGg7fug46PxzJABeGpuAddRawen2fSCTkjPLBDwgxg8ELc1ZZayyUNV8d7DK8teSDSLRsWy14Yc4,1,0,51,-1
61U5Zr6XDrz3YkT3fbD6ZP4czFaqMbN191wPBsD4znQKtz78KMGfrZmARetvouiC4tR1oapNN7ZgzdDbAvQzgTM9,1,0,51,-1
5s9GuXcmdjsv6H7YTS1M5PWH3jmZSn8XujhAv5ihUyAV7DFzuWcS6Dzv1vtwzTpXBN8ULy1dhd7fxnMYtNRruKxZ,1,0,51,-1
5VcjpcxpV2Fqosmv8AVJMKuHUm321ZvrkQobGv7i5gqniWgogW5J4sgmns4bTE2Uskf2CUU3FYYLRV7ZYvTaF9Rt,1,0,51,-1
3W5iAy9h6mBeGFgQdV1WxoNZJ6L8V4ce4rnM7G6LJLxEvzEA39Luh3CFGngCHk39wVQKZTbth9LJimGex6unzZW,1,0,51,-1
3uKwv7L54486JoPwkXuhLpNgMygFyRh9W8p5suqBCFgJSLNiEwCURrVe4BHX83QWMqcM3zC2jvUKtANLvPhJdUaM,1,0,51,-1
2d9aQkTwiTCuEJ8SnEApCq8wqmDDs2CKexiR13quV57KorCWQgANW7xptbAS1wQyN5KVEwBWC7o67G5WxUNcZhkT,1,0,51,-1
2Var9rh4xC3grMLHy6tAJdjXS3GZuveyEWQEZs3rAKcfgocKt9AWwEyrqz5WRutHibA7Cvu1rAvP5Z8w8QkgTmPv,1,0,51,-1
5hpfJzzDG9eGaLsmRyr7TKrrrUpvMdNMuYFKo4a1bvf67bRSB7eH4qdwLsh1S5QNfjSJsfCkAgdApabLtvEguUbU,1,0,51,-1
3RTSepR9J8uDCBwKTNzJgxGvu7QtPrVJGewyFv1Et2vMZhz9iXA82rjr5QJqK1AiCJnDDHd191whCZRmcCWz41ae,1,0,51,-1
3Cv1HXKNvV7bNFYo124Hj1v3MwxPuj85uZjSENUXb4k2gUPkD8FtZCkwAgpJ8ZGkNG2A7EGTPXsi5p8RGBC3LsEP,1,0,51,-1
4cGLXRb529YYPPzZSk1Thg78D5VUZrULBegUYXHmmxvPQERywQ4xUmZ5muUgbW5Bk9BcPHY4UCAbZidHhRfXp2gK,1,0,51,-1
3rnERZPyRDYJ1CugBLXCUXKSnHHdfbjKvU8SEieSfTyhy5vRDdn6YGXxCnGysDQGKeqkzzdcEEHcsNxXfb72BS3m,1,0,51,-1
2q2RXJu2AJDFnUraGSHhTfiBTEGQHEgvRKurUhUpH1e7JApTkKxndhbTvfKZgKvxm2oerKEBXtYHrdDUvyrzZWFM,1,0,51,-1
5uJVvsBAax9hvCuhkUmrtSdp4kJun1YmLitXJfg69zUbR6v86Yvc96s9gBXYvuxz2BV54w8H1jAmZxG451sMwTG5,1,0,51,-1
2BVw9oqiKybwHKn3AaQMxxbpRGY6LqPAHeyuzRcTiNbrud5hg2ftV4Nuj7PPtysMv23yJtDy2RzHTR6Ta4cytS5A,1,0,51,-1
Ycd6DQrNpCoc3voVjCULVJgr6n6NsMR2YgncS27DmKwUxhpcYXLznFYCcs4EmzGi49W17kSwfw3TmwziASF47x4,1,0,51,-1
5cZEyJStXhH1irLTC3HxDYKnkEA3u5fYHrG8LiKd7hNR9J3tFMbTpGEgW48yjQ9A29nNtHppdwBxCFvuTYDCtjn7,1,0,51,-1
Gq4kxGXGscy8zXV7nZMB5tRWJWHYTC8LvcmW2H3a5vXDkD3LBc1tFA7ukc7Y1zuJWMd2eRvTnq2Jes3z2DmncvG,1,0,51,-1
2cfVw4htmDLnZL5pR5yd7xnHyE8CQE8B2C1yBmdqCoj6UtLVoE7A71eNFNofvjbS5Q3Zb6z4tEu6DRzUtge57vJd,1,0,51,-1
DTQT3jTENMdh1dQPCD92wKU6Xy9nQ4kdgHRojvG3wKwpdaC3oouVRaDtXW15hMSGcmmTP8bPRBzx4UraCuZgUdv,1,0,51,-1
XbAHUvgrJak4o6d4eWTHFK7CbA6Sb4AkDLThsrt3pqhrL3S6crYxoGgzyPSC1GfohDkECHVPuFSmBM8joYmGiZE,1,0,51,-1
5io4bnhWwvtxvV7BJNtz2tqE9u5cSnAwNT16hKPyi3jKEZGuicwbF4vxEVsNg7Tecatgmy5otyER4t6pRjfJ6GuB,1,0,51,-1
5FvVYHRvHyVDPWBNaV6ancRBzrJd7aG74aACpGHHyFnMAbYcntaHHwub5deD6dqN2VBA86yHDiKd5udqqdPVD3Qg,1,0,51,-1
Ao8M4QyFmF3eUmUj6B2fK1V9HF8auvvGLb7rTLViGCMxzQNp5zjNVXYo3G6kzzFEHKmk92fA46CH1FxZiaHGFbd,1,0,51,-1
5KWtRFf5nLXcCFJq2AfjhYtg9wvc9yeFoazzewVtkKRmv2NfN7GFT32HnUte4jbRnPuwizHLfn7wnkkSQFaDP6GR,1,0,51,-1
53LyUkfaerGffc13W6StwKd2E4jWNxdJNj7bxpMFinSnFWSzLGTYNfeJiv9UUEPdGeuaqeM1Xi8ZfKvZRyNEWtwe,1,0,51,-1
JzEcbyhbRPbTpTnTzLbtKPMiebuonW92XmwpanM2MifYRucLpscYhi87275dpDMSsBqyu4FKUDNfxeZCkJWApV3,1,0,51,-1
DiDG1xFhCgMMQzGq9VqE5jRF5zyYqLkSsEyNK2pihm4jGkCifKvfMFPWUdHdhNQSxi7EC9uMkEgt9X6u6u53pPc,1,0,51,-1
LssxRdEeDV3fLd4y4m3akAPfz3HApTBw9yh7TJvFFhP,50,0,51,0
29sWLQprzeQXj1ubbtdySNkSD4JU2e2hYQoBxgDR6wM86s7RZ9RAbtMgEX2WqDTESY11Tu6oJxURxrZ4wNh29RA8,1,1,51,1
3dX2NuByiw8M44gGHdYun1DvH5R4dH2no63hBbN6uiUZAmSM3t6k72KYchVU1aKdaEPYfdxgbPVZDvX7rtr4B4c8,1,1,51,1
561FhcsDv21bVJo5aCXkStePUcxfmymKkLquzUUjpJkRRS5LfRZFwPqTzYheA1jsoKTxNueqaHMk7nLhmwKj1NHU,1,1,51,1
dGhUnMdRqyrHKZAbGvDMmYC95jt3EK6Sc9UYVHdeswN7ZzLz3JXDRF3QyQxpUG2KGQwfhhNdgJenGu6zt5QmJt5,1,1,51,1
3r5GwF6ANTa2HcCgDGpNk3p11H2reaMSYmjwdWqtWh7DnT3ZiGVSsUaTYufZKjeKdrmXcPrxSiikczCSqXoPi1gg,1,1,51,1
3s1Sft9aR1u6Zd2moRE49oe7oXDBCey7hkVPTDELQ4H2vJrS9nYxUuppVVGoiFtc61TdggGAZGWw1w2ZV2tRibvo,1,1,51,1
3qpKnqJEwhL8untGa9t11pTdF5waBGuTotkHJW7E6tAcKYoM9rBHEMvieeujmhX1iuGobEZSxfkQhFBtpUDAXrzs,1,1,51,1
3nX5EjyxLMPuGvXHxo8LThVJzZn2WtTfQeEUzbDj9ZxPozShQTxXGgFNqD2jzg1xmB9a9V2nUZEHpNTLs8vdfMvc,1,1,51,1
3kpmidg5Fswv9fyUHWP4EqMJeDWcfR8psh5s2jb2AbXCnCZkwELRYLxazDCfEJtBW31G3kDeUQM6nKLkrhEi97Hf,1,1,51,1
4MnyqisuZ1nmvkE4hnqvJEW8RdhoZK9rT43MnJMCT4zeAbVd1GbDuMsWLb5cXH5552VkdycRL9Vyd9Ai2pCBcM5J,1,1,51,1
TB64Pt4iKfx7Lz3TiPdEuDpNYXdtYBrEbfLj6HhThEsdCTVptbQGZiHGLmjfSm51rMRMqtNGoRs45hVXEBiktEd,1,1,51,1
63sbmG2pyuwLAc4H7EjFf9hTTFPMfeUkAtu2LT2zDSKcinSb8j55NARuxepeZHuGnKaPMRGX3UfEkX4jLCrJ4Yw4,1,1,51,1
2ofcnZewYrvyDdErTHBu3Res7yv8YdHSiSrwuBE1DgjVZ6iprrR6svjnocumdmP96YETEhoH7vKjxsY9NgWpHNUm,1,1,51,1
4MWzAAT6b3bgaoVQuy7QCREGURfXUqAZxcTRcUs9RCTQjcWK5cAYUo5Cs4PCPJZFh8uVumsKdGWofSNmeySCzrwt,1,1,51,1
4y3xS5bgBH4CcAqGJtxwt3NUH5Hr2Rc3VCstnBHd4e3hADJVut33UwTi9LoYPy7PaSCMgwRqAJcb78F7Sc8JqoZT,1,1,51,1
5WC71PK3iCHK2Qn93tv5JiGnG6azzkgzX3Qru5Uv61eejrbvJNZSKSabuULY1KCvU39wBpiupN9NEGcVns92jL8X,1,1,51,1
2M2aUHP6zhgDiVALJgrL29cXyJCkPRAG9T2kRatrvC3NZEP9dQ9Fw88NootbfkU5YxxWxc3NwDtKd7vS5EGJgemU,1,1,51,1
3JMxnDDGt1sAnr9fhFftfM27jg43EVCGwrt6ToLK9RCUnxo7EvCg1cVJhX9qASQQaALTq9sABJZsGuUqWZ4AFY3W,1,1,51,1
Y7SnbqUEEbQmUQjbTgCJvVFjmEM7rfyjYXEzkwM4rG1uR8owXvUoH8xmhAtmfgjfefgL9bJ8JBE57UF8yr78zeG,1,1,51,1
3Nue4eMwhSt3wzxiscDXedoLP7n16L8QKRHcHcywV8Hb23pQ9USePSRZraPt5ppMKBpwYgDpZdPFFCxWpUatJNBM,1,1,51,1
Ds4a6tegFPn247YDYGa5tLXEBC49dmWYzr2gyjZaxP9QKDqr4tChVDriraoGwLCKrPebt1dcxS58vfzdAf6YEgp,1,1,51,1
2tJ4Wp3mpELT18joYTb4n8uhCX8u7hHMD7bneQL8FRrq6MDBW5xjc18EQHJWV9XquzgNuxGYK6jS4k4QMxwH4bUb,1,1,51,1
4r8Kb24gchyGSn5MrbUgaecDRuebpHnAzQhydJwT7GryaSxUPsf6AXrTaLhx5sMaMYbFUALJjsGh3XaPWmYza2ZG,1,1,51,1
8EiTaiLsqnV3kiZygfUNGZiquarzdEZ9xKSink2qFYMHMXZJUVMYd5pZzK6pE9QidmawSiB1ZLyE4RPqtrX9JEz,1,1,51,1
2DKvSPQeyfBHevb2E3fUzZHWvJdcBQoSEioJRKYPDxAszGP7e8zxwVTNKLGE2iyCFXgkTTAwekreVzXnQH11gqp5,1,1,51,1
5oyNFexnUhJPjS4V5inodLKWCAqzrRZzNHhLtRFddDfibw4PiA8T5Wakp2cVi2vMNDwEDSiccSukDFNxzkc1WAh8,1,1,51,1
4u1cVKh4fTorMPFeezXimLtMbC8R8jcDW7fksG5z5FAJDt6YPgGishnx5m25FtUVZ7dip2gyaYrcfL8HLumjxGfU,1,1,51,1
UXwFn7Z7H8qQmUovneMuC2Hi4ybiK2oLvq9X7kuF59HEqUr4XNKhG653trF6eqr55UL6ood1rQy2pG6nt6NptbV,1,1,51,1
2jVCdLd9pRgfPqsqdoBjP54kbEwDHomYFWRoY9qzhWZUFZz1jTbdPYGA3oAoQeJwvgtsB9LjrCNBS35BsSNpXHSV,1,1,51,1
5p8mxGbqJynoa9bCBBoCy3B8ZerQ32enUnG15yDrdfZVtQDPyKCZjCUU6qWKeAXk7T4CEmbGKe4gmM4PBDt8JL7F,1,1,51,1
5b2v7hBE6j8a4EEgKXiWDU1BV7aopGvdnFKPdUST46nLiCcADMSEhjDGN9v1Qbac3bLsNJpQRjoAjogmTttLVBwy,1,1,51,1
TidDad8MjSmh9XdJkf3q3CmbkxYfoUL6quLrUrALrQtSYdYzvG9ydhCHcBdSds7ytu2DnXrgv5xrW3V23D8wVfX,1,1,51,1
531zo9xSwHt6bMgrN3S8ZgTvWAMUuUfHX9ufJVNHhzxMkvU2BZf2C55kXPVqUxj5gSrhXUcvSmDH8E1qJH411BFG,1,1,51,1
4UAFUwoP8fszM4nDWmYMt1GcXRARJ4bVfjgWEzNohYyxDJWLyCpjG21h3cepnQenWWifxKoBdffSKJWvFme36kJZ,1,1,51,1
NGmhJpUbgiTAm2Tu8HsMnpdN7cedBKRGg9mP7WcszgUt7DAGYWxgqaweyvTyZyqYapnjyBmjk8QRixvxuTYjY7M,1,1,51,1
4snjho1kNzY9fkK9nRNBP5pKTdNkJqnyg6BXAwmh7AZNBM31PitG9e2xoSmiwbTEY4kcV6hMn147JB2rpKsvgT48,1,1,51,1
AgcmUoCxFLDrwsjRJunNMaWooh6w1DqcV84X4fg1wb25WcL1tYRUoRTdPrLXJmGn1LC9vCXSktovwPNQhd1uK7C,1,1,51,1
2EfMtxSXVbZq5GuLQMpsFnap8TTJTV7vwqhi5MLiaxF9pAA1Xt5kcr854MpbpDmWYFfFMML9d6wZx9HuvWT3zQyP,1,1,51,1
2xDQhAY2SkKk4nVybXipf6doiDqFZyCCTzGrkJ6S5RSuDLRLkNRw4f3Hwk7efPDFqii4Hjnhb9UYqxoHc3fsDvuG,1,1,51,1
2dFPTQ3SBwdP8kR8APHkEWLRh5tdvExNgnXtYCA89RTfffGFo29Ah7DmzuDAN8mu2NstmD3aySBfKEwtLJn7aKmb,1,1,51,1
27XcJFoyyLHHRFLfiWM8W6Bc79Cspjiwv1jj9BfjwmyHysHnVGoxDcR4jibURKJEVst47KHq6XWtYPXb8fSUTxgM,1,1,51,1
2BuSLxR94eou9HnrL6S43caxjWbbvtuNvrridmigYEyDy1M8anTeSgF3yTgpyXtyjRB7cZFqG9GD5qHkrzTNSQE,1,1,51,1
4JRqUb2tWmgM1XAkzihWD6T6WYgpyHRo6i5LG3iK4u8pC8hXhoD1n1uWQq1pQmrrZGiMwJUgd2PGp1VnExnEgS1v,1,1,51,1
5JvjgWdYu7itusWeSsuRzZQ6Spa1GnEKMKYAK7UhmpsiXi18eDS6uzoeB7BMTANZ7eqBhCxozugy8EZcNaVDcCPA,1,1,51,1
3j3xVsakBvNJ96gybRsn7MoTjjdcLxm3ZywZFSewPmJV7xwjEHCFf3xmyzeHPy3e6NpMnb6NLm1NpQyDa5yLLdnX,1,1,51,1
4N1Ufn1EkNQeXUSYS5KYchj3gfNaHvzPYTKhzmQpkrFnf5wp9RjUdMoZKNJvxmDMJKfVLW2Aqn8We2pJC7Wn4CTj,1,1,51,1
5hHYaKbFts3kHFh2Be4yf8gWHBHQJL6eh6NM1c5Dgrzi68mFUMUuimTUKwqzDP4QkA3vwjV9tHj9VovvdEBfJgv3,1,1,51,1
3EtucQG9aTq8M47RU5AXBtKhPvqFYvnoBs5ueKJTZ4dXUxdcyTmdteRMUkLa8ahm5GdGipsRgFQ1cUFbHpPPkw4g,1,1,51,1
4yrdCgJQ3Ldu4Gf5NKhWiYdJjHh4HeRCGhdbPMzMMHU96Cyjcy4XQqiR3CxD1HgjrFttMv1WYRb8sakasSfw6Vz7,1,1,51,1
5Ei76vJ5N5ydZdYdc56MdwH1BgjMgig8777EJFCABvfR8DD7mV3CJSyYzKujFomhD6YAmBJVh1dgqzRKnRmhWJxh,1,1,51,1
FVhQ3QHvXudWSdGix2sdcG47YmrmUxRhf3KCBmiKfekf,9,0,10,0
2gq5E1BwUPfSTBwvT6QeXReRC2sTVc2bmGWG4REfXvASnakW7ZjRZbcy1cvTbgQzso9MoHikjw9sj2E3cYPcGJPb,1,1,10,1
5QXLHei4tMRRacD3joxAuAevaeHbECbRcQzJds8W7GFHZy5MFgjjsodBoSdT2MbA5qTGktTXXK4QHU3b5yVcLXmm,1,1,10,1
5bPd7o6yPzT5sVh9DpapsHhZyFBXw134yCpWrZYoM6ivi35tTL1sjyBJ6Xsitp26zXhMxup4SyybWT4m8KcvBNFg,1,1,10,1
3RjgCB7AD2qssgSUNSn214qmGkWs56exHMfHd8N9K9dYx6JRrEEi8yJsad9aVXNouqGbRDFQRbJkH6KT5k94kgXT,1,1,10,1
AyQrg99d6bJo7xokip1WaKazKWKSoJT7HAG5eD5q46LPUstpCJrrQxkWmiJCFzFmQAeMaLNwWSAmFNfv2r2Um1p,1,1,10,1
3jkdsKbvHxLuEjV8fA5bU7NWQ7VUumVo39e2wVcBHA2ETAnk1v1mhuR3Pr7BxaZAstsGfh2bwQt2fhfMfzZxrLTd,1,1,10,1
5smF86tCRL5jAiPDq58L6uR3zQqnTUeK5c8eDHxLkBQ254NPsWEr9wjvL2PjptrYyidZZdXs3ZjFa4RkBy6s5iV6,1,1,10,1
5LzzExN73CJgwPk4P6fVj5Bw6rq2w224RMmwhnbP86kpu6bNyLKzMLoSB3KKWzdAnrAdruw9oq2qDoKkip4oyBNP,1,1,10,1
2kfN12d1NhzXY98XZk5EUcaL7QkokXe695rRTnwWFKepC2nxEeWEMxB6FjJbJowcmtEE7Ao8Dq16GMP6pJtmBApq,1,1,10,1
2DMfakGXczzXy6esaT1qF629QuX2CA5YwKw7gdahEb9V,50,0,51,-1
2hL1tAmmJQgJZ7NgS1mFFPBLnQSrgLrUD57gwaAY64R6V9soNw9yJA1e3Ust5ThSeN4xBL9d3Tm4q4WeUxJbzE6q,1,0,51,-1
4kErm8gowy7WGy7TRmHzgvcfgyNJAr3YoKj3roDuQLi34KRR45kJmsJBHEjvi81fzxT2j6dg4ATD537exmXsBFAK,1,0,51,-1
2n4mpMjejWhKDGCUdjbFGYKdYomgkqqiQG9eunLnXqEAWFsLacBnNjp8nAhQkmrCd1Um8N17wn4UR6mE8ZmHjB19,1,0,51,-1
zCNigYzFYAyrMw6rSMD239U5vo4G5NTnJzrvhNJVfLFuYwUEqzLWfLS5thePg3GZwF6RRUvXLLZhG1EJEcrWcuY,1,0,51,-1
d6AxKNPahdY18ExEA3pxE5sMFakC6zdRtBGJ6v5zgHpfPTrjF5NEBdaQenMSSbUeQrerCebKs6oXJ2yX4GT73vJ,1,0,51,-1
Djh1Aiv7X4oFqhXSUXRhk52zeMKU5NdeKeCHyaiEDFssF4Pfgm2WsxhUGvC6rATjBiz7fmj85RsoXxiNDxwxgCy,1,0,51,-1
5YaHk6T4Viyc5gp8MdY44FRC9CmurJUhBccwHTFS8orC3BbFbYo4dbCZrsEdJysbd6rRcT8cnsHyaTgmdMLdH2dU,1,0,51,-1
4Jx3aoSHgjJF6wSCG8b6nRz8otERh1tyWhcydjrDzHvoqhnFVx6U4UBBGQyeSLVHgjonXm8yLBYBCNTEZh2jP31P,1,0,51,-1
2ZgdmmVqiWkRFzxoSDexbPDJtpEXuB9ZDXsa5nBTStM4mqUBQNNhb4RdFYKMaRt7Rn62Fg5FPRYdnkqc47Gmmoog,1,0,51,-1
4BtEjfgKrLwa7piLDCU4Ac7ehAy3UBBp9L1Nfht1zzV6oVeYN9A97Tcs4xULQoqYaFvPyPrSNX42iM2oZsi2DHD1,1,0,51,-1
3M3msBzLqiQ55JNfJXRjnSRery5aj3zWVmKK45A3ZAwVJp6cVDoHtWvDcB8cZRKewPut9k8GbyvPmhGfSBuiGv1o,1,0,51,-1
3eGtQMzdQQiGqvx7hBBWo5Mwq5FnfnMKc3Fy1zXxPCduiTEPdtspMWtf5TU7kfP2DUHUhPSRGRrPsZStMgKXyi3n,1,0,51,-1
2u4tiYYZkavfhk7zcX3oQJwag4gskMeUM5R6d5oY9k3CUWDQzcpMJjVJqmcisCryzyy4W1JgVjEfvsSgdJcz7Jm9,1,0,51,-1
u3sqh4y3qQYqSyrNa5SRXDVJX2i1uDNmeHDj7W3Gs4xpPaKfXX3tj9vrY9NZMTtvERfzX9yygGbr2qMUyr6FWLC,1,0,51,-1
5CvWttHiwUfowbQPKuWBPCy6efecc9KhaiUngRh91fPx7VCrQznRhE8b3uLaqVeHKz8oi3J5RXZBobAgtL5hC8h3,1,0,51,-1
4bpT4bvpqbTdkcLLXWgzxkwynpGsP791JV9mxs7cPizK6f1o6CngBPYkYw9WR3G5uHcHr9P3ffats8waK8NLuhrT,1,0,51,-1
2X3YEYxXprXg6NsYBBUFUsF3TfEAJBzN39GMYG5t8oKZ6rpr8zwuLpXYmkFMfPZMgveN9t7SyycC739GmVhavQVc,1,0,51,-1
3pXVx3U13yXJfAB8fBunKEWu8aDRrqTTuxH51q3S8QjwyByZekf8NwXe9eSmFq3PEACtT98jLCU4fanh6gYSE1yf,1,0,51,-1
2ybxgeVoXwjae1R2heAHw4vrFwp2MKgL8vgKXNhu9tw4heiFx8n1QGHARTpbFJJU9twXM3nJCqmMwajBezVoyYpe,1,0,51,-1
5DkYrhYiKsy9yE9Zy379rZwQbffPw2DvKkF9mkUUZEzRLzLKJVe3kLkphm8bQo6xpRakqvdvrDvSum1EjFfcRFSw,1,0,51,-1
44zsWcHQK21HiL25raSMc2FEduUaZehcKLPvAyhtF9UQYsEqGbi64iSrEQxUQUf6YqPo4KEb7fsq2LWbjjPF4e6N,1,0,51,-1
5myVZYBi9Xr9eCheEgXCnKkpJEhGrcV1Xh6BmkmUPZYmYBGKWATG9jVJfGhEQYVf4BH8yQuv1mupHGHz5yHc13Ge,1,0,51,-1
BRwgpN4HoJ4c1e9f5vwc64jJXnQ4pjrrfx34Snfs76Cc9YLkJBzVKwF46Q1C1RjSdjXyxpjo4ptBaFa7EYuVBBN,1,0,51,-1
3A1JZS8QNG9EPqsM4XJGCKkzNf4Rw5NnKWQRzdByjvGpjrp3AtSpyYdyMU8MXWR9sMTTbKwNQ1W8zuuHoLtfijMw,1,0,51,-1
4qCT6e5tWKV5KCBymXGJkgfdfqKVH98LtGWya5UGAd5FxfHq4k3Lq9AzRHDZpssptMuirKB8zvRGC9d1aXZcFkGv,1,0,51,-1
5vhsh4pq5WKmBPsmBmCHbtCskwQsxM8RAFh5jhjS2miMCpDFsxUUcDkqkpPg9zYB6kTVdQQpwzzL2neQaTzNkYcP,1,0,51,-1
2YDvcpY1fUjytvUqQy6Z54Jsj5aWXAMcMxFF5HiC3bdF1fTdDJq5YUPvcDoDCarjbeo9pVQt2eHrjf6y4FREb6n1,1,0,51,-1
4g2mtGiZrEikdVv1z5NMyjpTgmWjbyJQy3S1eiK6w6UYt7Lrb7XEWwJgCyDJtfcpB9ZC8vbHSmWv1wrhCXtC5ZL7,1,0,51,-1
5G7J4q4LfttJYTpih5sDnyrHCveCLbH3ety7vjsEv6wLaGLyvm3728VhKgRzQ3VmYq45JbsRUBEPHqx9gEKJ8CQP,1,0,51,-1
3ZAPNudvERnx6Q6cJ8xnAW1RQEhzVq7hE8yPML9HBtT5CxGbEHjZ9EVzVkyoo9aeET5S5sUjVJPDWXpVi3qcDRGk,1,0,51,-1
vxbgm14BwKMuGg8HXdsGSup4LmapJg3SaNZkDpRMg8GDrKZi1xmpyHuGQyC1qBBYUBymXL2EymU284KJQe35D6P,1,0,51,-1
2Aahne3q49cYq15pShPmVK1MeteVLWVBfXAxeXFrXS1FE66F4sHGnehPZM1soskgYB4Zc6uj8yKGsNpo31gUekEj,1,0,51,-1
35Wys61UuZu5LLRAqohWh1AWY2yQxYKEuTyYA2HwwGrWzseiTAzAeGw98CVawSRQvy7nnZuK8uuyfKSbVTmkPcgX,1,0,51,-1
55KhCHj5cGYCekMDLeWXgkJCfDgvKDnLSvoqbHBUii5Qqb4ozv53Kf5ZhuxYGMkyYqH89ercXBNDxnAkpFEN2ipC,1,0,51,-1
3GEpp2aG83GSiuPnoVXjKjAnyqfZYZBrFJzMH9sjDpjHonP2ANE2b6KwBar4GdiQNXgC7LGzkQZ5SiCLL96iqo9A,1,0,51,-1
4dH8exngG3t6ibBhwnYWMv6bWt7nwqbyj7HQVwkH1nxEUkkMugvRmxssNr6A2F8eYd2j5ZoH3CRm1gA7p5d9FKDH,1,0,51,-1
7GvXCgJnyhkXgAnppFmMD7b939p4ZCeT2MBuCdd5Km5DMuGWd3LcZiNc5y2kpTWVEmUvNmwBZUaJbAMpMdvjsvW,1,0,51,-1
35GVTzEqPWSbVBVGYbLuyBLbegFgnBurkzewaNc5cBBjDz5n8j47TbVobgSMjc3ngpwtCtVzuniCDUu11QKXTM6Y,1,0,51,-1
5kmuQrxsofwL8qoRtuuSVbay9yB7PJndA3WJqF44wVfb45eKen7XZ7B1ReZasSKy1Y9GyENJxu2WaoR1nWMS3M5v,1,0,51,-1
2zU4aJEgjZBkgXVKvjqbe3h6CbNWdRQJ4H5BPbFmJj6MPvndq2ULQoJsN8tBkZfYZiH97zHF7XAgvYAv4g1C8ang,1,0,51,-1
5aT3iSnymD8qiBn7hUhH2meX5Fd9zMHV5LmTZ4mbxKML5R2Y58TnesbQjsq4fhKxrxfKqaVkvKyaBxr6zKccdeYU,1,0,51,-1
3PZQtwjUrqS86rXjD91FXLzpX489vYkkjBgkWHaffqU3iNi8zVwZo3FeyXsy21EUiVENfu7jhdYhpy77VjAMxVAQ,1,0,51,-1
2ZZipGGe6jKuKyHN91APYntyWQoV9iT8y2HA4QqJKPSgn8W2jkYyBrtxKfg53JBSMsDx5vNp2tQ1uBELAwkFVge8,1,0,51,-1
236ZqpD73Yj8pxKMsQCUb5rd4B3M2wpiJ3ZSt3NGRKRHku6PoQb9NCGk65Fsce6RWutVtg6o8iYzV8hnydFnfLpy,1,0,51,-1
28ZjiU4VedMpqKGujGs1gq4TarHbdt8fkDG5UvPnMVs99uWovkMhoj87sepPJCFoZfYnSHKfWW3ET3WxQz6SXhUo,1,0,51,-1
3D3vtmZYJUWNpNw53JTmLcZ2REV5htjckD389wcqoEAzjANxdtoARcB4VY9VsV895EMDtwfo5zpMBjEVBuFaNeWj,1,0,51,-1
5o9Pnyon4gvksoVxzv15MsHGSZS9HisTcoVEaUiLdtQ3KLi9U7iFA3pQxUgmpVYyoDWPk5zqsUFu45dpzHdmKCuY,1,0,51,-1
4aRFRGJVkJ1A2ovDLhDMVmFnBUsns56e8wiDjKfTj1pUSohyn9GUoESaFgiven6XNiw26rSmYbzX4FuetM5URhzL,1,0,51,-1
4XEhHhgnHsJW4QFSBeyr8d8dEtZ2SGUDLu7VMvmQ5Y4ijJ6mRdrhbH7UbgXVCQDBJVUhRPNw8zoCWJZaQ56JyTz5,1,0,51,-1
TpCFJ8YJk3Q1ar9g15i682UQiCPsqECdoEA7o67xcfGRutYFhxrHxxNabcU865ogXFateLe8U8LeyqFmJDkn8oc,1,0,51,-1
GTpCw6qWWuv3iSGZWAnm6jMkxKPrj6LjWYrn2L1BMWvD,50,0,51,-1
278MrrVS2eatCPgYZYmFfTo8exsCydCbGJofUNxxqTuxc4MErBt2wC7d8cz6JYF1A6Jvz9wpwHBu8tvmCWf1zRKo,1,0,51,-1
5KTp35b1ov2ZMdvp3KLkALWYSShykU6KH2uwq63byGDnza841WjjiixeGVfHSKKVZaoDGqNfhhPM8wqW8QWrJXjo,1,0,51,-1
3gJaXvw4EeLwryMo3K354XKXWexPGVmzqGn54DnY4heQwx3apjtvYYw4PupyLv3mCtwgUAmFy7v5tkP92UgFguvd,1,0,51,-1
4pkMjkgKt3MxGpFYjUTaHG4hkXopHhPBprEsNKEextsC3MdHjtVFYN2zRntNZ4gQckJ1jEiZKLyifCpaRGwrEcC6,1,0,51,-1
2aPHVcEcw14xZdkAXPAFEbhghbuvqQVifEupFwebnHztxM9AYTwHStoupCSQPLVMhym9qfPAzvFoP1fQc7GcrgFp,1,0,51,-1
3pPwevUzDtvJEcVjGcFZRphsifmCPaB6i29xoi54qgs99beLckA5z1MfNAFk6uVDxT2AnUnKPvDGxkcZyh6FfSxd,1,0,51,-1
5XjaqH2cb2jM4CBhbaNFCW2fhhqCnmtJJE7c4Dk85niXec7b9oEq24YQHzmB2UtSMWpWgkyo3zPfDjFdJZNFNxM2,1,0,51,-1
3GsFHVZ8B1Hp3jKA9Zv2swto3kQz18CXcBxCYWFgK9NFAMRu8SKjn94riYG6X3K9ZADJxAp2UQRzK9e75T4n2DP7,1,0,51,-1
3KpQvGLZthEg7bFUYEBwhutXcYaMzNqBJAQUKkQShoc3G7BJSnwQGSDRuM6H21qqp2RF24waB1cgRyFnUVMbaoKs,1,0,51,-1
UFoB4RCsh7Edwwbbw1ZaqnWNYVA2vDusVDGJNoij4e5ikeQNT5re37MnLpaFp6ZMQTEVTGSgiz57LGA1ZuyHdC2,1,0,51,-1
v6aVc7dVGhxFn8pcWNnWWHtnzakcHn9tZPvnDYeqRYYrm6M7Xe1xLbH2NxyCsR1QmL7zzZSjG7mh8zntk8jPiGv,1,0,51,-1
5sUJqzNaQRPPGHtSLeDZnyEu97THtKq9RvJtt8YK1Peo7M3WYpKYoPHeir2tG6YTuTZq8DAv4TFZ4ihWfpZE3bni,1,0,51,-1
3Qd3SZ7PEKENYxY6Dzh8MY2f1sHTaCSpgZ6Xcgx5YEbYNRMqUUaWvbsHvNcgu9yEXvx1hacF9wKRKLVf1tWiA1Pn,1,0,51,-1
eWCHvPyqPNWWNBc9LWkZEF4SmwTDzBmxw6721SAKsTgVXtJLjshdaSasYvQbzpYvaMVMZ46Xk4DdnW7RDjiwBiH,1,0,51,-1
anWXFDS1MRrcba9aG1jaA4e47w7DGm8JJi8JXevEE9yC7MapfCC33AAD14TLd9pDYyswWyksWMoBhGqBszwGWTt,1,0,51,-1
3ypaXCKKr5pBAgWLc9eRTDmWvAERyFxMvxmCRazE87CprGpbndfaWQjTvDu8xgioAjopxpMBTGx5Z7nD5jH97NYb,1,0,51,-1
22QdArwxcrz9GwcfSGJzDCi4ZBSFpjYtf3M31xhnWXoErGLxdk6GShnSPuFQB8AVynHTBRtj2v92XjnZYwM3bhx9,1,0,51,-1
3jchW4LiqwTf68zhy9sNJGy66hTfLFYoA2ouqmeFiaQRjNKMxo8yP2w4NvYcfUpNitB7UajXCSt9CDxX7pY8hr2Z,1,0,51,-1
daAUxSNPksMGMKzjj4v5XJzZKPhp22deXgtipBPS3XWwDs14hM82hjqJ1oYVoDdT67NXq3PAfzeWCk5cMrkuGJb,1,0,51,-1
5ky6vo7d5CZk42357La7VXDVmrx4T8YxnqJFaXuPPp9Jtmp81V24uYE8Tn1aFDWasQ98zpB2aYoxtuUAhg8MXoBy,1,0,51,-1
4d2YdT5qCYivbNnbEZRApRUnr2VfbkWEc79dxGtckiG48H2FcezfKkFuRBMd4TY3ezpGoZ8yjATnBVF8yohrxZ6y,1,0,51,-1
bzBG1JLqtovMvWQXJ75RiNggnnNfjqZh2sRUZmzbZv5Cc9r1sGmqisy8fzxV9aEVncsL6kU9r6KJCsDz5WHCGjM,1,0,51,-1
b5giu8HxVRwnmKQv6nCihtZHMQB4DqMkNbVfSxsNg46rsh9prS9FoDx2aQDSBZs2nHFPoPUADGWaDqZWRGZASKp,1,0,51,-1
5MXtMrVjBCsS6YAE5zDYh9Cxkp3S35KXXq8QaEoW1P1Dpg9ky4wqxAWVbkABDHvgahSuGiVK4NHrZGC1rb4paNTw,1,0,51,-1
e6G2dpBRSE77jasAFKcJT61ykNBEYk2qQcQd2yy9zm91dUvjPKe2V8uCChRrLfqyiM7p6g27SFQaVuPrDmVgz6J,1,0,51,-1
2C7aJrX3MJC1PiNuFojmLUKcewNr1WoU6R6sFJcDgkwVrhdiqrAt8pXjX9LDoaX7WCBb1bgcwfeEVSMuY7t8yccV,1,0,51,-1
37rJ3dUoKSc6X8us79JTt7mProNYq4f8EUBBMLThUCXcye3W2MwSutd1tS2ub1mdsSMSvpnxK8hXKiwHEamYFSU4,1,0,51,-1
3ejm9hKye2oaAqFgsVkfSomt8XYfywhmgBswiYxSk5A76zZmnNDirhNEygYQ3ZVwXqWtAS1jWDuoMpXLKFEPTXWi,1,0,51,-1
3ZQvHfCSMYdMMx4KEY8NqUmZ899BLewZPMUiScYuYXSejhNFatw1HBRjXatjYEoCckj4FYCqnNMepbeCPXQnyrjo,1,0,51,-1
4mEMt18u7AjAYDdzm7tU9SNMG3ituknY3NyX9rg7q8rDZ1HxmTGJznwAdaVGsKhGw9FAWyS89L3rAYxYGXPVkkN3,1,0,51,-1
2rpjrvYGdhv8htUPT3e6SB7axe1XT6ZAXmAi1Cz1dqZ2HXTEiLbHuVHApCeRqDByDKia2jkien3xoKmkBL7Lrsf5,1,0,51,-1
291FERYk3AiNYeauPii4VmKiMTZ5tpUcpceftvSjedeyc8sp8HErnJBYPgvCYgH7yDLxuMU2rRL5CE3MgNb82Fo8,1,0,51,-1
5zzbaZ759PPhLKuDwKY9jjAEyeKfWdSAFr8Qtt6zcEFXgAqxraya7ikRyV2tD9YpeDhboGUu2AehHsNxFXbXQEm6,1,0,51,-1
5RopfqBcLUvKq8T4U7Ksrkt7bVSgiihP8nLpAirB69TnhZBh8hFbG4vvzr4nDcAaioD7cT1q8dkpeYUN5WE7sMjV,1,0,51,-1
2zWg1Vrm3knWoawqpyXtq1Rj62CPHWQ8gY7JcR8bEdnj97he8osdUMEMEwt8iu2BVtyNEpVxY3Pswo7r1nB8HNah,1,0,51,-1
5ZVcnRsckwvpHgnwpXGVUzhidw5LcZJoRchTGjvH73mrS4E5GasAkkV2FgEfbJsAivBaMEQEMuBKJhY1X6ZvvEiF,1,0,51,-1
4LPVMFevnyvZ3bNEWAZy1WJGEVDawTsw5XgYhjjn99yEPkwn8BpAukwZasfEpUexnWrTv5PQoE83VcNHvtT5hHWt,1,0,51,-1
DrtozHGeqeoNbBmrtSGJ2xaNHJxZWGBHL1VSFP8y1p6zWNBqEin5R47etLsqDTpjP3xWK2KAfoYLPUx5pNk7uhf,1,0,51,-1
5easzzqDoMtrBpxAe9832eJfjPacG7HjuAcdUMd9ADNkFQNN6BbgDg4MEKBy8thYwebToZ1WsBZLBJhPbhHdArVW,1,0,51,-1
4QJe6JaPZvGtSdMZ5Ljpq2ephDrW4V4v8uVBx5CFY6b3vRjR3ng5jjLsYHvzZoM2tLggrw7zArMmNM9XWESmcVGX,1,0,51,-1
3JkAQ5tewWWLhLzZhfdMGoXyQwFmYYSyE8u1cFRFkWhEUE32rkoB9MwbJFtsZqe5Wa2vcDUTFraRAnSYy7LZoJ1G,1,0,51,-1
2k8zYCKCnp3r5zdcNbzkY5YUN7NCeMGiHf2WJKaCjdCN21teXEkuia8wf2JK6j274SLUwmLfLLewNeh6JskZGnea,1,0,51,-1
59kqH7FDLYn9n2x1asueaxdEJJyFexfxz8K2YV6VhP956vgACEq3DyEp3im5BXYFiMm7zmA8CxeFXZSyRsoVco1U,1,0,51,-1
5prPLV9iz2jYTFNe2Sshp26Znuohk43Xqvf6BGN1rF95jvgJJUJVySU4qwLzgSHviX7gzBUeBnEEzbTWfHhyc3fh,1,0,51,-1
B5jkrWSJKyncAMvzUzWGR4At68aMuBLHX37ifWoZT8MM3nzbhGmJ35ZFjnHDuAi8CYQmiwHwWTd6Fvd9JqLdBRW,1,0,51,-1
5Gt1QAY5Ni4eBRrovWvWX4Jj8pChKXWxWU1ReNTAiTJFf964XR6oLstvfkpgyh9Tk5LhScigakFHMi8fgCxKZYbw,1,0,51,-1
3xxDDerN6aSM1JdY671arXjubUZXMK33zZN2LzCDdUN2MMwMns8Yw1J6P7ytfs2uMeEeYhGrUuXpCr2Zv25tRPSQ,1,0,51,-1
3qVo2GnKR1KdcAR6b9xgHF44hjpVKX9h3UTYF3u5ocSj1B2o3b4xbeLgiGq4CZQYaoyRZmNRRj5b5mjKSXg3xFqV,1,0,51,-1
2ta29QGpDNRT1izQxEqwng5dYR4wKuPx58iAYTqVWBTbj4arK1g77xVR8fVk6c5BHnGoBzPpVcD8NVM4xWocCDE2,1,0,51,-1
2nsaQfcghDDMxJZaVw3xVzexkpjawtHqWajdSVHWFr7C1sDxZ1X3WX8nzVMDGwdJqQVctaRDerrtX2fAnjFpSkFv,1,0,51,-1
27b4PRN7K37rpTywq65t29rjuNfQkYpxZUjkbtHc5VvZ,5,0,16,0
5D5crZhqJyX9vjTfGTBebwTsRzVV8fzDQwzbWcMmUFErcwEfcLfizY8kDUa7fefzdKu5w3FkvSSN5ybUWRD7L4Ui,1,1,16,1
8e7ekBeWmMdU6sJqnCwhm3P2bHBpNwZZ6RNiWJyrMyYz,50,0,51,-1
5KdeDg67vXAX592mkVyZ7pViSrBFpt7ryL4dpNmB8TkpEpY1uUrnfV7SnspWE9XHUvK4DucFDR5uf2pAoWA2HwTQ,1,0,51,-1
3eVtMjtiaS4ZRJVvHXDuoPrb6B7kydgJc2JtpcH27MZQ91W1xvyf2Tq6j1Wqk4cYeij5P86xcsB9RHHSWY92DX3t,1,0,51,-1
NVF7qVzzU7pjKyukzL4Ky9wdTdTC11cF6KkHXkXpTVSBBguEydkFEvriizRwV1Gp8pDoFEff7Tmr5i1he3bCrND,1,0,51,-1
4G7rVmF9qJ6j7x3JXZBg8MAuCpopT9iW1mdpR37XhSKn4cpqEFCFoG4TdwK412qkZGBbiHeddQDu6AKMqU4gAqX7,1,0,51,-1
5Q3gArXEXZcpUqbazd9KyXEDqbqi5nhy6ueqKQESdDJ9vXL9Y7smTWDJwNwgqAX7zFzFH5BrDVnN34PbMPsRdYfw,1,0,51,-1
2Bp7SPDcFbzzvXe7tRfsL1NFN9RfvLuT9NURGhWvM6aBEBnFu2Hu9RtcmcR1XBDchT6jJoySJpxqNcowQsqEojcv,1,0,51,-1
CBFMDBPWPeaVDZHGHeUioDvd6JQC9osAGxHFk4PYj2rbwmyqE31nWoXRNRPsH1Nqa14mMRLbZbQkhCtm7bZKkZg,1,0,51,-1
5PCtdVy7LXzvHq4ohEDKaR3hBG5mPg2uRQpYYD2FDWxvErnuhBMZveLd7dcQx2uAz2kG1uwJ92wT5Qq6B2qSvVJh,1,0,51,-1
5aE9AAjBw9QnLDEERRWGi9ub7w4j1shDqPBXkfc5tWbxq45rdbHYvmiNuUo9J34r83MeEuDDWh2df6QjMiSj7SYA,1,0,51,-1
tQfbFvJ4KnbPjmq8AriYNnzUFqXJHUt8oZMBfRnbFceAXnp8FffS7W7oDT13CuZeJEKynaK6nkb2dkGHZC8W7Fn,1,0,51,-1
35drp1PG4z2htuvtKgWK81RA8bVLnxa71QBJewErkZLmSkA4ynpALS57smUQ9YAnPbk9SD2TncFkDjNhpqpK6Wmr,1,0,51,-1
2HxtJyyV8e1LBRwqiH9upQbq3vNhtdh6h695cojunDdJfWE6qkSMx3fNFr8X4SJRiXg7CoZtGAxYpvYzCeUsoKGo,1,0,51,-1
3YVGsUDpQYzjgxZCTo6v76oRV43AJ2AbwZq15wLzLYSiGx3N7vsyBKVHPYWdNqJb5mWYUTFjSF8pLnbsv6Y6M6D9,1,0,51,-1
4CoeHriQHRbTs8GLNrx6dZtv1Mf6b8KvnZCTzueUahFUnnuMonNPAZ1Ti7gszg3Bq46PpN3fmds1twwepkAmp3pY,1,0,51,-1
98F7n2bPwnLxEfiUfmaj49t2AkYngNRmExy1n6cDLindGon7VXZvFh2zNJh858WBfk4GnjxV1kTtJDL9kYSe5mE,1,0,51,-1
21rPvou1ViWsBZ1aG1iCfNPB6Z63XaDtBY8DGskW7NNrpYGNxTriPi2RJWfvBXpZgQLehwyLxybwwqSDyDCGsQ1r,1,0,51,-1
5v3d4FviN93rK2k1ZsY6daTSdXV7y17D6vSReqGFdZe571AzwSaJoW23k15bkDH8qJkRX9z5UAATEfovsnZzEJWx,1,0,51,-1
3PSdbjA8rQREqq11WsfgtCpjZQPTnNPXez5ZvMJKqaGnPKo2hc7vNLWXSpKg5o8Phrr9hqUpRG5WXz4ZfJcgKpmK,1,0,51,-1
5697s91iSQkGDzBnJ2gFSE4c8ceYh72VEUjPayKjgeifNWPecyUcdfDHSpKcbhdWyXm13jpFywnGFwjvFZZRwEUi,1,0,51,-1
3wbApenNfUqTUvQcxHZ8NVVsCFauPGzKhkjM9RPjjThEAgdrLynBCRBLYUzDJJ2uNvkyFkWmsQGhJne1WUJfVTtq,1,0,51,-1
nmaocXsF4FVBTFUjzvfqpJrsGDx6HenGAgxR4HVTw7eJ68vZBerpKuUkAXRniDpUWhv2jYF7ucpCsVRt78qozZo,1,0,51,-1
5134BBw6aCK5YadMiSG4qvLtoivAB3cD31vSESRGiQhhT8Mo1LpuPYvnsga56fdbm7Sbc583vW6xnJCdMtq9jKWZ,1,0,51,-1
57HHg7sQVjxCytYtg4zS8sZ3wmgvXeunXN7hKqr7k5yMz7b8Qfv7fiMFKsTrrHJSCu9vTEVDoJPaKavckDNeUphx,1,0,51,-1
3zuB3b1fJGNBbiqZZdoajMUPWeNyw1Zkqcz2fWnRXJLQ7GMrsem4mNCAEBQ6RmSUvbaWpCZatMuyVEcjpZ6ryhJb,1,0,51,-1
3Gm9Ucwej26xUiBVW8CQwQi1eStbboauckDvg42azHoXiibHizkUVVRmXG4GJPz5MgezQuCxHtCU9DsTYhxhQKix,1,0,51,-1
5gzgpXqETkCnLDQPjqBwRRGY9PRFBRNFvr8kf4fA9WXxgLG6VXZ3YZZKWY8VsC6aeKdcFGecoi4TQuV31PLhHZEr,1,0,51,-1
4UKjwdwAn1QtS9WzLpWT8ZwjGTTgTva2A2yV53E9eXSArrffFcB5fhxYPEeBBD9LCR4NyzPUm3GjdeG4suUe3REr,1,0,51,-1
3pWPjg2jHALDgSdrFT6K9TX7pswtTgmqwq7kUAXq2PTnunCFdYn9fzTaPh7zCcXmqmXiyqfvng4jeXGvcwv1ykPY,1,0,51,-1
4Yi7BsiVvXcU6tHiYGrUdCcam6nvjba38pAEnppKuRbpoRv6HZ9aFtm5nAxp1NbwE1sp34kdeYx5SrdBdvhRYZXf,1,0,51,-1
527Xtuo9ieEUEYQgK1XVTjg4Kai7zKxB498BbrAw8M9Ufj3mKWxbh494pTUvpAZ5uWXCRemZkBCaJZuo6VgdgdST,1,0,51,-1
2ApnR7R9whKyuBtGSPmEhnZG8QtZXY5Vpj7vmaXHjytdukmjhuF6E3mpwNWFnWMEW1vECYtTuW3M58dnU2CtAFHu,1,0,51,-1
4vsuWTRFAtLVkgrEtUkNeB2V3mnR1dN6HLFgdB6vyFYfcu716PsgYwUVqiUAoqtj86mFKTjbLx4MAE5RGJH7m11D,1,0,51,-1
4wJ5W1fSUADycyb9dSdTXZpr45LwgRWojkeAfbz2oNFH2dgEAQ5JzdPHMDpAt4nVgzKEGPEP9BptauD6eVjiEi9W,1,0,51,-1
48XKRDz7q1tyFtt4KvBPwHCfix9q2aH3YqUhKa3mwGtEv4Cokmjp5Cvn2kwLmwq5Cab22TsCKu1PbWKQt6LkbXd6,1,0,51,-1
3v3asNUBLLVszBq7KUgiqS1u2TVBD3sRoA2fg9YzzgzHF4R2WpzLpT67FH5Cy696qS2nTomj1YQufGSpBcspWQnU,1,0,51,-1
Wg4ur355Lr9t2ih2fveYyW3uo1P9AVEEq9cbv3uUASSkpqoqy7k8NTFV7vxTmztLw9PRGeGvX4fkoA8aKTNeCKA,1,0,51,-1
4x8VH3ei5NRXqa2MFY8piy9Vu1qHzuiMEAvkA52bHCGuJyMx7P21EdsY5o9F2qhWeVXL3mDFxN95XxKaULanqQRj,1,0,51,-1
4JnemtTDsVb3M9vjbad4mU4jya62gJsZmJDQirwcNe3YtkkvWS9Ac4zDMvqSScBwmCcxtRpP7c5hNM4gchPfDPiZ,1,0,51,-1
65cCVnaoNvdBLmgZzdWJPsNBc7JBDbw2YjKbFA8eX86omT7Bqh2jw6H691jHJbGYGHAvDP7XDUZDkdW6winZSxzU,1,0,51,-1
VokEZcShf4wqwkpTWtKvPunrAKPBUHUwHmDMYtG5tCidPVsBg8mwR48xTNLWi5Qz53M7CA9w6kG6Cfs3dU64Prj,1,0,51,-1
3SPeKBSi8ALh35UJHpb1uqZazxswE3Pc2n2w3qeCNXXHLpHFtEP2eB546U9bbEV6AprVnQZ3auqtLL2qjoE9VWx4,1,0,51,-1
3x8JiQrh8fE7ZQUoXsAYHWpDUZqge5XK6wgfHV7bLDu7EGa26mU6BSSiWyXr8co7pXbKpdYiTz7DNJKdaA6zvuNy,1,0,51,-1
42BnnM1pMPU4iRv2joAVrVhASRVyozVfVCh9fmFAPn51wZcx2y3SJx8RTGCzEWriFdo3LAcUPfPS6ZMyqNDKzdd4,1,0,51,-1
5fj5X2wK8sHd7q6DJRnenw5dUtFRCp1Fp3DhL4CkMTbjhKotA7MUN2PyLuZoQ9Wx1PnHG2USTbJKnsyWAZNXaSNZ,1,0,51,-1
2KGtxjeFbWf6JpPHTSoUBf933f2ZW2YtGoCJku7PUWVcRoQf13Ub5NyUp32WCmd42EJZLMU8nGs8AoVxf8R9Wg8p,1,0,51,-1
2YCzHCXnBf88dpQ6mdKqK4qjzwhCsByWDXEXPMRsUUJkH5JaVFEJWxE4QWMznKk7oTNSyCNEuWdVbK1FPCVfsmZh,1,0,51,-1
47N7ZdJif6RTq4hSFyyyHaw6U8wQSE2aY3kmG1JwbUiBfPkYpiUGZUgUQfKarmNi1gqZg3GT1DNcCf8uFWfaLYan,1,0,51,-1
2JuqyPWSfFrWgsnuAJ9QSChFenbLyNYaa6kYYJnXnJ3GstnDWTMoCMEdHdpwE831HCDTsP5rd3t9t24MHSNum2Zd,1,0,51,-1
5gtLFezmjx5EqnmizWJfENSEze3J9gCnFrRA5BwBckU4gKJQVisc9BeAkZuEtvEHT2bv9KVDoPH91H552mgU8zZQ,1,0,51,-1
2vzeqNqsgv6c9xRsCfRLKWpwwtH7J7GCWLjC1XsuZvWDyqWot3uZn9q8iTbcV1nK1DDGy2P9eqTGM5Bs49BRorxz,1,0,51,-1
Fpajj9ZT8SGfcUUeLQddp2xgS2pueqTCVtGUb47TnCXV,50,0,51,-1
4kD7MY1KTZnvVV8to9qhgyzkbUW4vjsU6w5NavVNd8dTu3mXxiqyDossDGmHiteWPpRWr7fKWwe5BVLf6vT98Gdr,1,0,51,-1
JjACYaoev4Ggd4aW7tY3gPJhZHfrCDenHW67TWY5YDEoHVcFwdf6qTCC6fXpp1uHTFnca2T3rQZFUEW4GtT3JCW,1,0,51,-1
by5X1fPJmR7SU41Q2QrErhi2cnGEeESfv65cUXVG7MRAsJLF9bGeRLFfGZbE6xZfhVVgPZ5GUPrHhsfbyzytkuR,1,0,51,-1
2sfdyqwQGrQMiia6z7yZjGAeMK2JFjYGRcDkcE8g3wZWmQhRZfdJJpMxrHDBJbBG4o1kHLCCMFEbY8C2QHQ8euMW,1,0,51,-1
PBrQJLT8C6CAcs7bjLSegGy6bzRBD2nSPbnDb2hBrLH6S1Csmqx16upGRf2nvnq53oDocQq8nwvUCsa9TXT7MLX,1,0,51,-1
5FDgprjj45qt1wBp6vk6qunYkbz1iz8TbtVZLVF1E9e6ADn1wegQyKVzXnPRDgBKdDnherCybPAgRdZoPAqcE6yr,1,0,51,-1
4rHXCaBJbJj7RmPBCBvuX5Kr981sUDvxr5DpzpHgDGKh6GyvuAkeHb12zSZhp7B3GQFzT8Fn4SgyPxzJgUFNe7AF,1,0,51,-1
5crpnZSVYxFMbKHpyXKCw4gm7ZtwTdqGEi1XxZFTR94Qu9K7Bf4nNUuRLzgboNHCzsjMtrmwdd7tDGDXZmYyupe7,1,0,51,-1
3WGZQ9qrmdTKb3k8kUGPgQPyxmjQ1ZfTjiwDwpHsDhVwQVqbw1MU1F4nR2tEjpoM3JC79DaAfdgqWaERguVriMMw,1,0,51,-1
5Wkp4z2W2T42KsaXefQ53rLwpABp8W24wWxsFS1wuSYXsgNbCXzzL4DuivzDwEruJF1ZnkefgpzbzRLN8hRP1zAX,1,0,51,-1
5jPKsvo29GyqthjeHHvuseFFmNjMDN3hKyAGTPWVk2KHMvgAZBBhcWnaHj5Cur6JcCm2fa6aUQHyJbjmRdkhonU6,1,0,51,-1
5zg2G2ArdaXj8i3NqsWBQVo7gRXoPxf8Vm5SAJrg5uuR9pbBVNND3wGQibGMXKAuxyWL4GyCAHBNk6K8hLhqSziK,1,0,51,-1
3H7Cf9QdpQQbGBMVcEmQYyr6jf1BG433n4Pj5z8UhbyYEAF7z2Zj43FvbtKJq36sWj6HH1WYAUp4XxG6if5VBTaG,1,0,51,-1
5zQuzZSvXdmrqcWt48vW7Dk1ArSDjrZkbPKqSCapaZivaXhFbEw5pkZ4FMAasmkuBsfsg3M3BtfZHX8FskmzjKr8,1,0,51,-1
3VC6fcCoTuEvSsPjaT9eTzR1tEmUf53SfAKzMN12kwkVsKS7FjqoYKDYtQfuiT5vY7ciFXLVCmJ5jhzuMzs5ptHi,1,0,51,-1
5ueh9uojs5PVgAPuZKzeBB3wZ3svvTVzw1JJhCVpVkJR418zqvWesrPN8tPTSSCPAgeXWvsBStBrERStwATgxhys,1,0,51,-1
4mptq5Uhe3sKahUAFpd6AJMW9FSFRGw5p9PTbm7nzySVFBnd3t967zaCnFwKrnN2CcwUaKPPuMxSoRQ5mjxycaz,1,0,51,-1
57fgTgQBmCfqSwZE3JCtDnoC2wMMuxvYBaUf5ENYWPnbnTGcYz6sABw2K7AK5d2pbPJnh2iarSiYcvo1zTUeXvxy,1,0,51,-1
qDcBLVDVnj2L2BtHDT5jMcYtK4DcrKkspd4wypkT1Y1eTA1UQaF8vhHHJZtj1pvb7Mc6A8X2kZWhoWcLcoGoEAC,1,0,51,-1
45komZSPy7e6wT7sfgxQJxiQjHkvD5zhuvrksHCZXxCyh55wj2KJaxemTDVXBf2R1zyD9qE97HU1dcvP7vNSyCN7,1,0,51,-1
4NbZ64iXXGwyZ3ugQHBAyWyDh65QzYX7Gwe4fKZyWh18WiAhL2xbpQG8nzML85L7XTbX4Z3GfbhArZ68UWEh9WwL,1,0,51,-1
3kGeQMunbx7YuA3gqhtHiGZS81matarySfbfRdG3JV5QZ1UgjwqXHCCH4VrkBk4ytwXR4SvrjJCGto34PHNEJhpr,1,0,51,-1
kvDZGqX6qYEb31pKs3W788pYBFuczvjTgLsKP8txYK4kcjK4HZJr9Jgeq97hF49kgtME2HJzEpBYjkp1RAEaqfM,1,0,51,-1
5chw4eRfZnr7DEDN7SJKDCYLQAGwRHT49BNx3Mwd4s11Ms34CTPFKNS7zxAyxsExnqRcEAzfJa3rrVLQA97QT1Ax,1,0,51,-1
31GqXHjStFumzRorMaZdfD4xFQ9HpiQcmt5baJCfy4XFfW3BQMLuEdwpNfox8oCimAtJ2HZiMphzJRz8E1VEi7qU,1,0,51,-1
3fvGge48xuPtojcdAvgnwN12bU38iwwYZqy51fdSS4bd3KErsQhSDDQhG4tkBdQQ3pLwoDpreTpoWzKcxqBMVe32,1,0,51,-1
2RervKJRtRwjLj1tXJReTXAjuW51keR2srcJ25QQmtEpsKn7pPt6aq8mrhoFhbNpQWLRFPvhAEf8bzrn5LGo9Dcn,1,0,51,-1
4E1GnBGVycybxxwfVthxqXS1SEBkB8h3t3LtCGKTa4ia3PFZaB4DXeBzE1tZqkm8QXWmzKqXPPVh7hgE71FTV3EB,1,0,51,-1
5uTNdUbRiVtd8NjJ6k65Mc27YPmAMccHkBsDcEnEQsoCjGTcjZNZ4hz1NRgHfws11jgVeT3W3E9jDsR8UB95eved,1,0,51,-1
24RYotRmmD55qjnf7WdahEUHrhAvSveBLZtH1vwg4Kxz7f9vMH4nfYAgKQyJYiGycdDxPrCxV2U9Z9R3pz6Btrjf,1,0,51,-1
3MzLXSeTnNTwbBEKU3beHubT9Ss8MnNDcaH9owBzWyZgLeej9rQB6dbb9KZU2By1tq4hsk9d6bvyaooT6eR1uhRP,1,0,51,-1
2q2qJustNMD3CxUbx4HmGPSMsc6XZNLVQokWV3Ksh7fKbpTq53wfV1AtVSDzdTXH3QdBR3aeW9itduprsLnpj6EA,1,0,51,-1
38RrzMe6KbnGiXPAZDpN59zdCbamoNUTz6pARa53wgzn9Tv3RyfdJLetbsnxF6wqyd4gZUD1qBJscw7rtQG4XgY5,1,0,51,-1
2KdMcLHegNpbdkwuWdrGn4XrGB7VNGSo1zKQcDad62oRbJam5pwA7CS9BSA9aqXg6Hga4GDZK1imtQr51qFjoGiQ,1,0,51,-1
5RhAvDgbjEQjeu21YAy88wNu6yzgvanssro8Mup4E9gpL8i8wfjDcLeyz9jbuSvhwrep641uNZmWJPNzG4WYGfEQ,1,0,51,-1
4FUb6FaStkEwypcu3eLZEpBfmgqatDGcxjjbUfKCYsthAsZBYXFpno2g6uGn8kzSVWdv4nAxZSZHztTvnYMZY787,1,0,51,-1
5bQDf1X1ih7VU68sTWk9D6EPhy7FVi8viaA1LjgkepdpWvNdMeoRt3xELWKqFPg2RaYFuTXJuLnQ28PqeoeFvhzw,1,0,51,-1
3v78mTU3XqKsFeMJu9iq83ULXyZNYNRsQAKpPtbC273pUP1EHoRJdu8jch5hsLAtaCY7UrvQiCk9ncWyC3LqYkYx,1,0,51,-1
6178CnkZjJ3tZzDs4q13aoMfvZBWUqTmYW9dhzvy7KPZhx9ZP5aa4GCejEEz5FUPT9HTjL6SXrMCGXjPzsfZQRLA,1,0,51,-1
3Ntd9tpssm9RAK9CbAALPkJbn4JeMkBdDXU7AuTwpiVimrHg4y8xJ6WoidNPN7Juc8hyqkKKGnWe7rkzwHKWXWrS,1,0,51,-1
3ZDq9rvPkPfWfVAnba8wZELaMzcg98LEBB8kVQNeM55LEgiRbVyuH1AYdaSmAi52E3G7JdksQCdpcVBfveiNunJ7,1,0,51,-1
oPXWoreJ9VzZeDPmkbKVWq2KnJ6XHFHnmcwmQVDUPgnqLuGDKrvZStB5pEzBF36oXXTk58QoszZce952Ssk4yP1,1,0,51,-1
5S5aUqu7TJmvAu9Vf1TPg1KkhuwkwSA6rGDALnhchUoVYCjdSYj5jkE7n1uMrikYdQ5XLuGpMym3pjhzhXL2ReCj,1,0,51,-1
3UifBG99xgi9hNTN9xgGNVpLJCaFN9qxeFm3XTi3vEd4vfAExsh4etso2eceL5QnabXZExtmKfXKaU9s89BNV1aS,1,0,51,-1
4m6TZEbNWVv61NPR13Gh1ZwjwCiV3FZgm7osvj5NptayVG49VARp1RjutTbnyDDUSWvPTLdMxZUacjiQ2thpHixY,1,0,51,-1
4QeirH6ejWECYJfGDvYeC5S6b57VegkGf7Ls4iByjDwjnSSFVjbMymU6Vtd8zYkdBdnYFT2KEu8bgrHUSbfm6tep,1,0,51,-1
619KxmtTf87MPYrY96qRwWKjeqHY3h6FzMgutA9MYMevT2XkHgmghYfRT99dQrApRieQT7Lk1G2g8MTapYSpk2LL,1,0,51,-1
448rvxiymqzmDv9MrLQQM1c2Bmqdx5HuTjyXm6oo4fiXPXodmFqi2gL6kzFLXeMWriG3kLN7bjCEpuEJTtpMYrJN,1,0,51,-1
5CzzfTEcrPh1jA6JdTiTd7AVDH6tXmUuhQUdAnw7XqKyJZiFcDeJnmwNoX78b22XGDyJinxwaUuvbYQjwDJdt7BM,1,0,51,-1
CK9DquTjHvCRsgGj5DWNL5FZGGTbwBcmJkpwJ754x6SGRqaraDdLWN8ZBZbHCBzqk19tcp5S9aDA7uc457jEinm,1,0,51,-1
61aq585V8cR2sZBeawJFt2NPqmN7zDi1sws4KLs5xHXV,9,0,10,-1
H1h7QndDNTiGfC589SmMum448SCbdWXNcEoYRZQC9ee8uFJgVbUmFy9DCZrrSRJUB3YVGsDPfnXsik9Ld9zsjAv,1,0,10,-1
5NiZHPt6pPDRML5ineybq3c9gTL591yZtzqkQP1PwVbqJdLMGwjickoq7fiAbyM8Qzsb7K2fMCgJiE4nqxvgyQb1,1,0,10,-1
8RrqWD5qzHdHXeVpfAyfC7RHeUc6Xw93Z3t2PdVKGw19C7cfbFm6FqbUrT1ST2Mp8pxzZv3i9hdmcpWLY5F96oA,1,0,10,-1
2BMLiEu7kyE97qFgqn8z2wVt5jSuosE3dYeTVrkS6CHNp49oRwQcUpeo24uP9qyEsDCM7JWFc8wKC9rEExsPrpkk,1,0,10,-1
5f5dKiab3s5UzNd5jvu9n7sdCXBkVvSTL5NBG5DnfQeJbaBHjBUEMubi2HV1xWop1PM7KQqAZAJHddS3W327C7Zx,1,0,10,-1
2Ec54pz6qdYXnXWuSt8QZQw58srGm1FCbEcnq7ToeNBH9JJDAtxHQhq98ehjJ9fNQiDrvU1N7JogTgzWJesLeUKt,1,0,10,-1
57C1u7atz3PWPqaptzTsPXWBVih5p8znxgjeYysh83p8eGWk3HguX264KAFqpfhzFDQNshh7pow2LiLB6PC3D6Lk,1,0,10,-1
3Xu8KpzfL1wXEeCPGktQjBLtkMZ91pAnhBZUE2eCFoop1yZrESech112NfV6HYixrMp1a31ELVUwJ7C1xEYTp6Kp,1,0,10,-1
4r3XceGtNNc3FDfXjeZ4ijKWdG7vf6oWqY6YFqfuRn6Zkn8b5cyQcEVG7DtW4uJsNTMUnB57JVfdL8oPsgrfz9n7,1,0,10,-1
GnAT9S2EC7HttvmUpjHL3tx2DUy4KLmZWCtUpuon9pdG,6,0,7,0
5uHrxZdgFtbrSSSPgTPeJiem6yqgGJdnHMtsDT7LD7cx2M82XGDTWwWXRNt9U82Kh8pWGiPPCSUBNaGGcPpdyx9R,1,1,7,1
SJrvQnncRcVqgj2rM8Rn2iZXbM7gPJymqXBker6M7vAF8icQACyYL2yNVzvLPKBJ4bcYx3HFS39H6i2FZJkDDF1,1,1,7,1
2yXTtAnTBtj4zUK5xguPA76b1bbSf847ZexwPJhgJ9qqKhHjRhk4WFujwqNiNLo6LPnn2fGhK2QjMkLsEAzuR2oR,1,1,7,1
2GHNsHgXgmAkUkyzKGkZTKQ6CvtqYKNJBuPDMRDEbrS1qC4e24riYt4EuujhtuzApvfv9LkoHzrbR8YdAFT49bt3,1,1,7,1
55EYRikgg8MF4JuYrdAVbTuCLv3dQ6gQmgW9TnDzrYgfCJLjAd5AMeMSSApStEWphzDhHGdQG8JJMbcm8pp7pmRA,1,1,7,1
4eobJpNWyYUT6kajNC928uxHBhMi3Dn6gkGTcuSDetZiZaRcUptSXuKTXqTLQ4FtXrNwTnWfEUHH46fTkTmhRDtD,1,1,7,1
